"parasite","host_genus","host_species","host_taxon"
"bombus ashtoni","bombus","affinis","Bombus affinis"
"bombus ashtoni","bombus","terricola","Bombus terricola"
"bombus bohemicus","bombus","lucorum","Bombus lucorum"
"bombus bohemicus","bombus","terrestris","Bombus terrestris"
"bombus citrinus","bombus","impatiens","Bombus impatiens"
"bombus citrinus","bombus","vagans","Bombus vagans"
"bombus fernaldae","bombus","perplexus","Bombus perplexus"
"bombus flavidus","bombus","perplexus","Bombus perplexus"
"bombus hyperboreus","bombus","polaris","Bombus polaris"
"bombus insularis","bombus","flavifrons","Bombus flavifrons"
"bombus suckleyi","bombus","occidentalis","Bombus occidentalis"
"bombus variabilis","bombus","pensylvanicus","Bombus pensylvanicus"
"bombus vosnesenskii","bombus","","Bombus"
"bombus weisi","bombus","","Bombus"
"brachynomada annectens","anthophorula","","Anthophorula"
"brachynomada grindeliae","anthophorula","","Anthophorula"
"brachynomada nimia","anthophorula","","Anthophorula"
"brachynomada sidaefloris","anthophorula","","Anthophorula"
"coelioxys alternata","megachile","pugnata","Megachile pugnata"
"coelioxys banksi","megachile","relativa","Megachile relativa"
"coelioxys coturnix","megachile","minutissima","Megachile minutissima"
"coelioxys dolichos","megachile","xylocopoides","Megachile xylocopoides"
"coelioxys edita","megachile","","Megachile"
"coelioxys funeraria","megachile","frigida","Megachile frigida"
"coelioxys funeraria","megachile","inermis","Megachile inermis"
"coelioxys funeraria","megachile","relativa","Megachile relativa"
"coelioxys modesta","megachile","campanulae","Megachile campanulae"
"coelioxys modesta","megachile","centuncularis","Megachile centuncularis"
"coelioxys modesta","megachile","georgica","Megachile georgica"
"coelioxys moesta","megachile","centuncularis","Megachile centuncularis"
"coelioxys moesta","megachile","relativa","Megachile relativa"
"coelioxys octodentata","megachile","brevis","Megachile brevis"
"coelioxys octodentata","megachile","centuncularis","Megachile centuncularis"
"coelioxys octodentata","megachile","mendica","Megachile mendica"
"coelioxys octodentata","megachile","onobrychidis","Megachile onobrychidis"
"coelioxys octodentata","megachile","perihirta","Megachile perihirta"
"coelioxys octodentata","megachile","rotundata","Megachile rotundata"
"coelioxys octodentata","megachile","texana","Megachile texana"
"coelioxys porterae","megachile","frigida","Megachile frigida"
"coelioxys porterae","megachile","relativa","Megachile relativa"
"coelioxys rufitarsis","megachile","latimanus","Megachile latimanus"
"coelioxys rufitarsis","megachile","melanophoea","Megachile melanophoea"
"coelioxys sayi","megachile","brevis","Megachile brevis"
"coelioxys sayi","megachile","mendica","Megachile mendica"
"coelioxys sodalis","megachile","melanophoea","Megachile melanophoea"
"coelioxys sodalis","megachile","rotundata","Megachile rotundata"
"coelioxys sodalis","megachile","wootoni","Megachile wootoni"
"coelioxys texana","megachile","policaris","Megachile policaris"
"dioxys aurifusca","anthidium","","Anthidium"
"dioxys aurifusca","osmia","","Osmia"
"dioxys pomonae","anthidium","","Anthidium"
"dioxys pomonae","osmia","","Osmia"
"dioxys producta","anthidium","","Anthidium"
"dioxys producta","osmia","","Osmia"
"epeoloides pilosula","macropis","","Macropis"
"epeolus ainsliei","colletes","","Colletes"
"epeolus alatus","colletes","","Colletes"
"epeolus americanus","colletes","","Colletes"
"epeolus asperatus","colletes","","Colletes"
"epeolus australis","colletes","","Colletes"
"epeolus australis","colletes","compactus","Colletes compactus"
"epeolus autumnalis","colletes","","Colletes"
"epeolus barberiellus","colletes","","Colletes"
"epeolus beulahensis","colletes","","Colletes"
"epeolus bifasciatus","colletes","","Colletes"
"epeolus bifasciatus","colletes","latitarsus","Colletes latitarsus"
"epeolus carolinus","colletes","","Colletes"
"epeolus compactus","colletes","","Colletes"
"epeolus compactus","colletes","kincaidii","Colletes kincaidii"
"epeolus crucis","colletes","","Colletes"
"epeolus gabrielis","colletes","","Colletes"
"epeolus glabratus","colletes","","Colletes"
"epeolus hitei","colletes","","Colletes"
"epeolus howardi","colletes","","Colletes"
"epeolus howardi","colletes","howardi","Colletes howardi"
"epeolus humillimus","colletes","","Colletes"
"epeolus ilicis","colletes","","Colletes"
"epeolus interruptus","colletes","","Colletes"
"epeolus interruptus","colletes","aestivalis","Colletes aestivalis"
"epeolus lectoides","colletes","","Colletes"
"epeolus lectus","colletes","","Colletes"
"epeolus lutzi","colletes","","Colletes"
"epeolus mesillae","colletes","","Colletes"
"epeolus minimus","colletes","","Colletes"
"epeolus minimus","colletes","eulophi","Colletes eulophi"
"epeolus minutus","colletes","","Colletes"
"epeolus novomexicanus","colletes","","Colletes"
"epeolus olympiellus","colletes","","Colletes"
"epeolus pusillus","colletes","","Colletes"
"epeolus pusillus","colletes","ciliatoides","Colletes ciliatoides"
"epeolus pusillus","colletes","compactus","Colletes compactus"
"epeolus pusillus","colletes","deserticola","Colletes deserticola"
"epeolus scutellaris","colletes","","Colletes"
"epeolus scutellaris","colletes","simulans","Colletes simulans"
"epeolus siculus","colletes","","Colletes"
"epeolus tarsalis","colletes","","Colletes"
"epeolus vernalis","colletes","","Colletes"
"epeolus zonatus","colletes","","Colletes"
"ericrocis lata","centris","","Centris"
"ericrocis pintada","centris","","Centris"
"hexepeolus rhodogyne","ancylandrena","","Ancylandrena"
"holcopasites arizonicus","calliopsis","coloradensis","Calliopsis coloradensis"
"holcopasites arizonicus","calliopsis","pectidis","Calliopsis pectidis"
"holcopasites arizonicus","pseudopanurgus","","Pseudopanurgus"
"holcopasites calliopsidis","calliopsis","andreniformis","Calliopsis andreniformis"
"holcopasites insoletus","pseudopanurgus","boylei","Pseudopanurgus boylei"
"holcopasites insoletus","pseudopanurgus","perlaevis","Pseudopanurgus perlaevis"
"holcopasites insoletus","pseudopanurgus","timberlakei","Pseudopanurgus timberlakei"
"holcopasites pulchellus","pseudopanurgus","","Pseudopanurgus"
"holcopasites ruthae","calliopsis","pugionis","Calliopsis pugionis"
"holcopasites stevensi","calliopsis","crypta","Calliopsis crypta"
"holcopasites tegularis","pseudopanurgus","nanulus","Pseudopanurgus nanulus"
"hylaeus hilaris","hylaeus","anthracinus","Hylaeus anthracinus"
"hylaeus hilaris","hylaeus","longiceps","Hylaeus longiceps"
"hylaeus inquilina","hylaeus","difficilis","Hylaeus difficilis"
"hylaeus inquilina","hylaeus","volcanicus","Hylaeus volcanicus"
"hylaeus volatilis","hylaeus","difficilis","Hylaeus difficilis"
"lasioglossum lionotum","lasioglossum","imitatum","Lasioglossum imitatum"
"lasioglossum michiganense","lasioglossum","","Lasioglossum"
"lasioglossum platyparium","lasioglossum","","Lasioglossum"
"lasioglossum simplex","lasioglossum","","Lasioglossum"
"lasioglossum simplex","lasioglossum","versatum","Lasioglossum versatum"
"melecta alexanderi","anthophora","","Anthophora"
"melecta bohartorum","anthophora","","Anthophora"
"melecta edwardsii","anthophora","","Anthophora"
"melecta fulgida","anthophora","","Anthophora"
"melecta pacifica","anthophora","","Anthophora"
"melecta separata","anthophora","","Anthophora"
"melecta thoracica","anthophora","","Anthophora"
"mesoplia regalis","centris","","Centris"
"neolarra alba","perdita","","Perdita"
"neolarra batrae","perdita","","Perdita"
"neolarra californica","perdita","","Perdita"
"neolarra cockerelli","perdita","","Perdita"
"neolarra cockerelli","perdita","obscurata","Perdita obscurata"
"neolarra hurdi","perdita","","Perdita"
"neolarra linsleyi","perdita","","Perdita"
"neolarra orbiculata","perdita","","Perdita"
"neolarra penicula","perdita","","Perdita"
"neolarra pruinosa","perdita","","Perdita"
"neolarra rozeni","perdita","","Perdita"
"neolarra ute","perdita","","Perdita"
"neolarra vandykei","perdita","","Perdita"
"neolarra verbesinae","perdita","","Perdita"
"neolarra vigilans","perdita","","Perdita"
"neopasites cressoni","calliopsis","","Calliopsis"
"neopasites cressoni","dufourea","","Dufourea"
"neopasites fulviventris","calliopsis","","Calliopsis"
"neopasites fulviventris","dufourea","","Dufourea"
"neopasites mojavensis","calliopsis","","Calliopsis"
"neopasites mojavensis","dufourea","","Dufourea"
"nomada accepta","andrena","","Andrena"
"nomada adducta","andrena","","Andrena"
"nomada adusta","andrena","","Andrena"
"nomada affabilis","andrena","","Andrena"
"nomada agynia","andrena","","Andrena"
"nomada alpha","andrena","","Andrena"
"nomada angelarum","andrena","","Andrena"
"nomada annulata","andrena","","Andrena"
"nomada annulata","andrena","macra","Andrena macra"
"nomada antennata","andrena","","Andrena"
"nomada aquilarum","andrena","","Andrena"
"nomada arenicola","andrena","","Andrena"
"nomada argentata","andrena","","Andrena"
"nomada argentea","andrena","","Andrena"
"nomada arizonica","andrena","","Andrena"
"nomada armatella","andrena","","Andrena"
"nomada articulata","andrena","","Andrena"
"nomada ashmeadi","andrena","","Andrena"
"nomada asteris","andrena","","Andrena"
"nomada astori","andrena","","Andrena"
"nomada atrofrontata","andrena","","Andrena"
"nomada augustiana","andrena","","Andrena"
"nomada augustiana","andrena","macoupinensis","Andrena macoupinensis"
"nomada australis","andrena","","Andrena"
"nomada autumnalis","andrena","","Andrena"
"nomada azaleae","andrena","","Andrena"
"nomada banksi","andrena","","Andrena"
"nomada belfragei","andrena","","Andrena"
"nomada bella","andrena","","Andrena"
"nomada bella","andrena","imitatrix","Andrena imitatrix"
"nomada besseyi","andrena","","Andrena"
"nomada bethunei","andrena","","Andrena"
"nomada beulahensis","andrena","","Andrena"
"nomada bifurcata","andrena","","Andrena"
"nomada bisignata","andrena","","Andrena"
"nomada bohartorum","andrena","","Andrena"
"nomada californiae","andrena","","Andrena"
"nomada ceanothi","andrena","","Andrena"
"nomada citrina","andrena","","Andrena"
"nomada civilis","andrena","","Andrena"
"nomada clarkii","andrena","","Andrena"
"nomada collinsiana","andrena","","Andrena"
"nomada coloradella","andrena","","Andrena"
"nomada composita","andrena","","Andrena"
"nomada coquilletti","andrena","","Andrena"
"nomada cordleyi","andrena","","Andrena"
"nomada coronata","andrena","","Andrena"
"nomada corvallisensis","andrena","","Andrena"
"nomada costalis","andrena","","Andrena"
"nomada crawfordi","andrena","","Andrena"
"nomada cressonii","andrena","","Andrena"
"nomada crotchii","andrena","","Andrena"
"nomada crucis","andrena","","Andrena"
"nomada crudelis","andrena","","Andrena"
"nomada cuneata","andrena","","Andrena"
"nomada custeriana","andrena","","Andrena"
"nomada cymbalariae","andrena","","Andrena"
"nomada davidsoni","andrena","","Andrena"
"nomada decempunctata","andrena","","Andrena"
"nomada decepta","andrena","","Andrena"
"nomada dentariae","andrena","","Andrena"
"nomada denticulata","andrena","","Andrena"
"nomada depressa","andrena","","Andrena"
"nomada detrita","andrena","","Andrena"
"nomada dilucida","andrena","","Andrena"
"nomada dreisbachi","andrena","","Andrena"
"nomada ednae","andrena","","Andrena"
"nomada edwardsii","andrena","","Andrena"
"nomada electa","andrena","","Andrena"
"nomada electella","andrena","","Andrena"
"nomada elegantula","andrena","","Andrena"
"nomada elrodi","andrena","","Andrena"
"nomada erigeronis","andrena","","Andrena"
"nomada erythrochroa","andrena","","Andrena"
"nomada erythrospila","andrena","","Andrena"
"nomada fervida","agapostemon","","Agapostemon"
"nomada fervida","andrena","","Andrena"
"nomada festiva","andrena","","Andrena"
"nomada florilega","andrena","","Andrena"
"nomada fontis","andrena","","Andrena"
"nomada formula","andrena","","Andrena"
"nomada fragariae","andrena","","Andrena"
"nomada fragariae","andrena","confederata","Andrena confederata"
"nomada fragariae","andrena","violae","Andrena violae"
"nomada fragilis","andrena","","Andrena"
"nomada frieseana","andrena","","Andrena"
"nomada fuscicincta","andrena","","Andrena"
"nomada garciana","andrena","","Andrena"
"nomada gibbosa","andrena","","Andrena"
"nomada gillettei","andrena","","Andrena"
"nomada gracilis","andrena","","Andrena"
"nomada graenicheri","andrena","","Andrena"
"nomada grandis","andrena","","Andrena"
"nomada grayi","andrena","","Andrena"
"nomada gutierreziae","andrena","","Andrena"
"nomada heiligbrodtii","andrena","","Andrena"
"nomada hemphilli","andrena","","Andrena"
"nomada hesperia","andrena","","Andrena"
"nomada hirtiventris","andrena","","Andrena"
"nomada hoodiana","andrena","","Andrena"
"nomada hydrophylli","andrena","","Andrena"
"nomada illinoensis","andrena","","Andrena"
"nomada imbricata","andrena","","Andrena"
"nomada indusata","andrena","","Andrena"
"nomada inepta","andrena","","Andrena"
"nomada integerrima","andrena","","Andrena"
"nomada interruptella","andrena","","Andrena"
"nomada jennei","andrena","","Andrena"
"nomada jocularis","andrena","","Andrena"
"nomada kincaidiana","andrena","","Andrena"
"nomada kingstonensis","andrena","","Andrena"
"nomada klamathensis","andrena","","Andrena"
"nomada krugii","andrena","","Andrena"
"nomada lamarensis","andrena","","Andrena"
"nomada latifrons","andrena","","Andrena"
"nomada lehighensis","andrena","","Andrena"
"nomada lepida","andrena","","Andrena"
"nomada lewisi","andrena","","Andrena"
"nomada libata","andrena","","Andrena"
"nomada linsleyi","andrena","","Andrena"
"nomada lippiae","andrena","","Andrena"
"nomada longicornis","andrena","","Andrena"
"nomada louisianae","andrena","","Andrena"
"nomada luteola","andrena","","Andrena"
"nomada luteoloides","andrena","","Andrena"
"nomada luteopicta","andrena","","Andrena"
"nomada maculata","andrena","","Andrena"
"nomada maculata","andrena","vicina","Andrena vicina"
"nomada maculiventer","andrena","","Andrena"
"nomada malonina","andrena","","Andrena"
"nomada marginella","andrena","","Andrena"
"nomada martinella","andrena","","Andrena"
"nomada mckenziei","andrena","","Andrena"
"nomada media","andrena","","Andrena"
"nomada melanoptera","andrena","","Andrena"
"nomada melanosoma","andrena","","Andrena"
"nomada melliventris","andrena","","Andrena"
"nomada micheneri","andrena","","Andrena"
"nomada mimus","andrena","","Andrena"
"nomada mitchelli","andrena","","Andrena"
"nomada morrisoni","andrena","","Andrena"
"nomada munda","andrena","","Andrena"
"nomada mutans","andrena","","Andrena"
"nomada neomexicana","andrena","","Andrena"
"nomada obliquella","andrena","","Andrena"
"nomada obliterata","andrena","","Andrena"
"nomada obscurella","andrena","","Andrena"
"nomada odontocera","andrena","","Andrena"
"nomada opacella","andrena","","Andrena"
"nomada opposita","andrena","","Andrena"
"nomada orbitalis","andrena","","Andrena"
"nomada oregonica","andrena","","Andrena"
"nomada ornithica","andrena","","Andrena"
"nomada osborni","andrena","","Andrena"
"nomada ovata","andrena","","Andrena"
"nomada packardiella","andrena","","Andrena"
"nomada pallidella","andrena","","Andrena"
"nomada pallidelutea","andrena","","Andrena"
"nomada parata","andrena","","Andrena"
"nomada parkeri","andrena","","Andrena"
"nomada parva","andrena","","Andrena"
"nomada pascoensis","andrena","","Andrena"
"nomada pecosensis","andrena","","Andrena"
"nomada perbella","andrena","","Andrena"
"nomada perplexa","andrena","","Andrena"
"nomada perplexans","andrena","","Andrena"
"nomada physura","andrena","","Andrena"
"nomada placida","andrena","","Andrena"
"nomada placitensis","andrena","","Andrena"
"nomada portalensis","andrena","","Andrena"
"nomada priscilla","andrena","","Andrena"
"nomada proxima","andrena","","Andrena"
"nomada pulsatillae","andrena","","Andrena"
"nomada pusilla","andrena","","Andrena"
"nomada putnami","andrena","","Andrena"
"nomada pygmaea","andrena","","Andrena"
"nomada rhodalis","andrena","","Andrena"
"nomada rhodomelas","andrena","","Andrena"
"nomada rhodosoma","andrena","","Andrena"
"nomada rhodotricha","andrena","","Andrena"
"nomada rhodoxantha","andrena","","Andrena"
"nomada ridingsii","andrena","","Andrena"
"nomada rivalis","andrena","","Andrena"
"nomada robertsonella","andrena","","Andrena"
"nomada rodecki","andrena","","Andrena"
"nomada rohweri","andrena","","Andrena"
"nomada rubi","andrena","","Andrena"
"nomada rubicunda","andrena","","Andrena"
"nomada rubrella","andrena","","Andrena"
"nomada ruidosensis","andrena","","Andrena"
"nomada salicis","andrena","","Andrena"
"nomada sanctaecrucis","andrena","","Andrena"
"nomada sayi","andrena","","Andrena"
"nomada schwarzi","andrena","","Andrena"
"nomada scita","andrena","","Andrena"
"nomada scitiformis","andrena","","Andrena"
"nomada sedi","andrena","","Andrena"
"nomada semiscita","andrena","","Andrena"
"nomada semisuavis","andrena","","Andrena"
"nomada seneciophila","andrena","","Andrena"
"nomada siccorum","andrena","","Andrena"
"nomada simplicicoxa","andrena","","Andrena"
"nomada skinneri","andrena","","Andrena"
"nomada snowii","andrena","","Andrena"
"nomada sobrina","andrena","","Andrena"
"nomada sophiarum","andrena","","Andrena"
"nomada sphaerogaster","andrena","","Andrena"
"nomada suavis","andrena","","Andrena"
"nomada subaccepta","andrena","","Andrena"
"nomada subangusta","andrena","","Andrena"
"nomada subgracilis","andrena","","Andrena"
"nomada subrubi","andrena","","Andrena"
"nomada subrutila","andrena","","Andrena"
"nomada subsimilis","andrena","","Andrena"
"nomada subvicinalis","andrena","","Andrena"
"nomada suda","andrena","","Andrena"
"nomada sulphurata","andrena","","Andrena"
"nomada superba","andrena","","Andrena"
"nomada taraxacella","andrena","","Andrena"
"nomada texana","andrena","","Andrena"
"nomada timberlakei","andrena","","Andrena"
"nomada tintinnabulum","andrena","","Andrena"
"nomada townesi","andrena","","Andrena"
"nomada tricurta","andrena","","Andrena"
"nomada tyrrellensis","andrena","","Andrena"
"nomada uhleri","andrena","","Andrena"
"nomada ulsterensis","andrena","","Andrena"
"nomada ultima","andrena","","Andrena"
"nomada ultimella","andrena","","Andrena"
"nomada undulaticornis","andrena","","Andrena"
"nomada utahensis","andrena","","Andrena"
"nomada utensis","andrena","","Andrena"
"nomada valida","andrena","","Andrena"
"nomada vallesina","andrena","","Andrena"
"nomada vegana","andrena","","Andrena"
"nomada verecunda","andrena","","Andrena"
"nomada vexator","andrena","","Andrena"
"nomada vicina","andrena","","Andrena"
"nomada vicina","andrena","hirticincta","Andrena hirticincta"
"nomada vicinalis","andrena","","Andrena"
"nomada victrix","andrena","","Andrena"
"nomada vierecki","andrena","","Andrena"
"nomada vincta","andrena","","Andrena"
"nomada washingtoni","andrena","","Andrena"
"nomada wheeleri","andrena","","Andrena"
"nomada wisconsinensis","andrena","","Andrena"
"nomada xantholepis","andrena","","Andrena"
"nomada xanthophila","andrena","","Andrena"
"nomada xanthura","andrena","","Andrena"
"nomada zebrata","andrena","","Andrena"
"nomada ziziae","andrena","","Andrena"
"oreopasites arizonica","calliopsis","","Calliopsis"
"oreopasites arizonica","perdita","","Perdita"
"oreopasites barbarae","calliopsis","","Calliopsis"
"oreopasites barbarae","perdita","","Perdita"
"oreopasites favreauae","calliopsis","","Calliopsis"
"oreopasites favreauae","perdita","","Perdita"
"oreopasites hurdi","calliopsis","","Calliopsis"
"oreopasites hurdi","perdita","","Perdita"
"oreopasites linsleyi","calliopsis","","Calliopsis"
"oreopasites linsleyi","perdita","","Perdita"
"oreopasites powelli","calliopsis","","Calliopsis"
"oreopasites powelli","perdita","","Perdita"
"oreopasites scituli","calliopsis","","Calliopsis"
"oreopasites scituli","perdita","","Perdita"
"oreopasites vanduzeei","calliopsis","","Calliopsis"
"oreopasites vanduzeei","perdita","","Perdita"
"paranomada californica","exomalopsis","","Exomalopsis"
"paranomada nitida","exomalopsis","","Exomalopsis"
"paranomada velutina","exomalopsis","","Exomalopsis"
"rhopalolemma robertsi","protodufourea","","Protodufourea"
"rhopalolemma rotundiceps","protodufourea","","Protodufourea"
"stelis ater","osmia","chalybea","Osmia chalybea"
"stelis chlorocyanea","osmia","nigrifrons","Osmia nigrifrons"
"stelis lateralis","hoplitis","pilosifrons","Hoplitis pilosifrons"
"stelis lateralis","hoplitis","producta","Hoplitis producta"
"stelis laticincta","megachile","angelarum","Megachile angelarum"
"stelis louisae","megachile","campanulae","Megachile campanulae"
"stelis montana","osmia","californica","Osmia californica"
"stelis montana","osmia","lignaria","Osmia lignaria"
"stelis montana","osmia","montana","Osmia montana"
"stelis subemarginata","osmia","simillina","Osmia simillina"
"townsendiella californica","hesperapis","","Hesperapis"
"townsendiella pulchra","hesperapis","","Hesperapis"
"townsendiella rufiventris","hesperapis","","Hesperapis"
"triepeolus ancoratus","melissodes","","Melissodes"
"triepeolus antiochensis","melissodes","","Melissodes"
"triepeolus argentimus","melissodes","","Melissodes"
"triepeolus argus","melissodes","","Melissodes"
"triepeolus argyreus","melissodes","pallidisignata","Melissodes pallidisignata"
"triepeolus atripes","melissodes","","Melissodes"
"triepeolus balteatus","melissodes","","Melissodes"
"triepeolus bimorulus","melissodes","","Melissodes"
"triepeolus californicus","melissodes","","Melissodes"
"triepeolus circumculus","melissodes","","Melissodes"
"triepeolus concavus","melissodes","","Melissodes"
"triepeolus concavus","svastra","obliqua","Svastra obliqua"
"triepeolus cressonii","melissodes","","Melissodes"
"triepeolus custeri","melissodes","","Melissodes"
"triepeolus cyclurus","melissodes","","Melissodes"
"triepeolus dacotensis","melissodes","","Melissodes"
"triepeolus denverensis","melissodes","","Melissodes"
"triepeolus diffusus","melissodes","","Melissodes"
"triepeolus dilutus","melissodes","","Melissodes"
"triepeolus distinctus","dieunomia","heteropoda","Dieunomia heteropoda"
"triepeolus distinctus","dieunomia","triangulifera","Dieunomia triangulifera"
"triepeolus distinctus","melissodes","","Melissodes"
"triepeolus diversipes","melissodes","","Melissodes"
"triepeolus donatus","melissodes","","Melissodes"
"triepeolus donatus","melissodes","desponsa","Melissodes desponsa"
"triepeolus donatus","melitoma","taurea","Melitoma taurea"
"triepeolus eldoradensis","melissodes","","Melissodes"
"triepeolus fraserae","melissodes","","Melissodes"
"triepeolus georgicus","melissodes","","Melissodes"
"triepeolus grandis","melissodes","","Melissodes"
"triepeolus grindeliae","melissodes","","Melissodes"
"triepeolus helianthi","dieunomia","heteropoda","Dieunomia heteropoda"
"triepeolus helianthi","melissodes","","Melissodes"
"triepeolus helianthi","melissodes","agilis","Melissodes agilis"
"triepeolus helianthi","melissodes","compositus","Melissodes compositus"
"triepeolus helianthi","melissodes","trinodis","Melissodes trinodis"
"triepeolus helianthi","nomia","melanderi","Nomia melanderi"
"triepeolus hopkinsi","melissodes","","Melissodes"
"triepeolus intrepidus","melissodes","","Melissodes"
"triepeolus isocomae","melissodes","","Melissodes"
"triepeolus isohedrus","melissodes","","Melissodes"
"triepeolus joliae","melissodes","","Melissodes"
"triepeolus junctus","melissodes","","Melissodes"
"triepeolus kathrynae","melissodes","","Melissodes"
"triepeolus laticaudus","melissodes","","Melissodes"
"triepeolus loomisorum","melissodes","","Melissodes"
"triepeolus loomisorum","melissodes","bimaculata","Melissodes bimaculata"
"triepeolus lunatus","melissodes","","Melissodes"
"triepeolus lusor","melissodes","","Melissodes"
"triepeolus margaretae","melissodes","","Melissodes"
"triepeolus martini","melissodes","","Melissodes"
"triepeolus melanarius","melissodes","","Melissodes"
"triepeolus mexicanus","melissodes","","Melissodes"
"triepeolus michiganensis","melissodes","","Melissodes"
"triepeolus michiganensis","melissodes","denticulata","Melissodes denticulata"
"triepeolus micropygius","melissodes","","Melissodes"
"triepeolus mojavensis","anthophora","linsleyi","Anthophora linsleyi"
"triepeolus monardae","melissodes","","Melissodes"
"triepeolus nigrihirtus","melissodes","","Melissodes"
"triepeolus norae","melissodes","","Melissodes"
"triepeolus obliteratus","melissodes","","Melissodes"
"triepeolus occidentalis","melissodes","","Melissodes"
"triepeolus paenepectoralis","melissodes","","Melissodes"
"triepeolus parvus","melissodes","","Melissodes"
"triepeolus pectoralis","melissodes","","Melissodes"
"triepeolus pectoralis","melissodes","druriella","Melissodes druriella"
"triepeolus penicilliferus","melissodes","","Melissodes"
"triepeolus perpictus","melissodes","","Melissodes"
"triepeolus phaeopygus","melissodes","","Melissodes"
"triepeolus punctoclypeus","melissodes","","Melissodes"
"triepeolus quadrifasciatus","melissodes","","Melissodes"
"triepeolus remigatus","centris","","Centris"
"triepeolus remigatus","dieunomia","heteropoda","Dieunomia heteropoda"
"triepeolus remigatus","melissodes","","Melissodes"
"triepeolus remigatus","peponapis","pruinosa","Peponapis pruinosa"
"triepeolus remigatus","xenoglossa","strenua","Xenoglossa strenua"
"triepeolus rhododontus","melissodes","","Melissodes"
"triepeolus robustus","melissodes","","Melissodes"
"triepeolus rohweri","melissodes","","Melissodes"
"triepeolus rufithorax","melissodes","","Melissodes"
"triepeolus rufithorax","svastra","","Svastra"
"triepeolus rufithorax","svastra","obliqua","Svastra obliqua"
"triepeolus rufoclypeus","melissodes","","Melissodes"
"triepeolus sarothrinus","melissodes","","Melissodes"
"triepeolus scelestus","melissodes","","Melissodes"
"triepeolus segregatus","melissodes","","Melissodes"
"triepeolus simplex","melissodes","","Melissodes"
"triepeolus subalpinus","melissodes","","Melissodes"
"triepeolus sublunatus","melissodes","","Melissodes"
"triepeolus subnitens","melissodes","","Melissodes"
"triepeolus tanneri","melissodes","","Melissodes"
"triepeolus texanus","melissodes","","Melissodes"
"triepeolus timberlakei","melissodes","","Melissodes"
"triepeolus townsendi","melissodes","","Melissodes"
"triepeolus verbesinae","melissodes","","Melissodes"
"triepeolus vernus","melissodes","","Melissodes"
"triepeolus warriti","melissodes","","Melissodes"
"xeromelecta californica","anthophora","","Anthophora"
"xeromelecta californica","anthophora","abrupta","Anthophora abrupta"
"xeromelecta interrupta","anthophora","abrupta","Anthophora abrupta"
"xeromelecta larreae","anthophora","","Anthophora"
"zacosmia maculata","anthophora","","Anthophora"
