"canonical_name","host_plant_family","host_plant_detail","host_states","fowler_status"
"ancylandrena atoposoma","Fabaceae","Fabaceae : Lupinus L.","AZ-CA","Rare"
"ancylandrena koebelei","Fabaceae","Fabaceae : Dalea L.","AZ-CA-NV-UT","Rare"
"ancylandrena larreae","","Larrea Cav.","AZ-CA-NM-NV-UT","Uncommon"
"ancylandrena rozeni","Fabaceae","Fabaceae : Coursetia DC.","AZ","Rare"
"ancyloscelis sejunctus","","Ipomoea L.","AZ-CO","Rare"
"andrena ablegata","","Agoseris Raf.","CA-CO-ID-OR-UT-WY","Rare"
"andrena accepta","Asteraceae","Asteraceae : Helianthus L.","AZ-CA-CO-ID-MT-NM-NV-OR-UT-WY","Uncommon"
"andrena agoseridis","","Agoseris Raf.","CA","Rare"
"andrena alamonis","","Lesquerella S. Watson","AZ-NM","Rare"
"andrena aliciae","Asteraceae","Asteraceae : Bidens L. , Helianthus L. , Rudbeckia L.","AZ-NM","Rare"
"andrena aliciarum","Asteraceae","Asteraceae : Hymenothrix A. Gray , Pectis L.","AZ-NM","Rare"
"andrena anatolis","","Camissonia Link","CA","Rare"
"andrena andrenoides","","Salix L.","CO-ID-MT-NM-UT-WA-WY","Rare"
"andrena annectens","","Salix L.","CA","Rare"
"andrena anograe","","Oenothera L.","CO-NM-WY","Rare"
"andrena apacheorum","Asteraceae","Asteraceae : Cirsium Mill. , Ericameria Nutt. , Erigeron L. , Solidago L.","AZ-CA-CO-ID-NM-OR-UT-WY","Uncommon-Rare"
"andrena apasta","","Camissonia Link","CA","Rare"
"andrena arabis","","Arabis L. , Cardamine L.","AZ-NM","Rare"
"andrena arctostaphylae","","Arctostaphylos Adans.","CA-UT","Rare"
"andrena ardis","Asteraceae","Asteraceae : Chrysothamnus Nutt. , Gutierrezia Lag.","CO-NM","Rare"
"andrena asteris","","Eurybia (Cass.) Cass. , Solidago L. , Symphyotrichum Nees","WY","Rare"
"andrena astragali","","Zigadenus Michx. ( Toxicoscordion Rydb.)","AZ-CA-CO-ID-MT-NV-OR-UT-WA-WY","Uncommon"
"andrena aurihirta","Asteraceae","Asteraceae : Baccharis L. , Chrysothamnus Nutt. , Ericameria Nutt. , Gutierrezia Lag. , Isocoma Nutt. , Solidago L.","CA","Rare"
"andrena auripes","Asteraceae","Asteraceae : ?","AZ","Rare"
"andrena baeriae","","Lasthenia Cass.","CA","Rare"
"andrena balsamorhizae","Asteraceae","Asteraceae : Balsamorhiza Nutt. , Enceliopsis (A. Gray) A. Nelson","AZ-NV","Rare"
"andrena barberi","Asteraceae","Asteraceae : Bidens L. , Heterotheca Cass. , Rudbeckia L. , Solidago L.","AZ-NM","Rare"
"andrena bendensis","Asteraceae","Asteraceae : Ericameria Nutt.","CA-NV-OR-UT","Rare"
"andrena berberidis","","Ribes L. ( Mahonia Nutt. ?)","OR-UT-WA-WY","Uncommon-Rare"
"andrena berkeleyi","Asteraceae","Asteraceae : Engelmannia A. Gray ex Nutt. , Hymenoxys Cass. , Tetraneuris Greene","AZ-CA-CO-NM","Rare"
"andrena bernardina","","Clarkia Pursh","CA-UT","Rare"
"andrena birtwelli","","Potentilla L.","CA-CO-ID-MT-NM-NV-OR-UT-WA-WY","Common-Uncommon"
"andrena biscutellata","Asteraceae","Asteraceae : Gaillardia Foug.","CO-NM","Rare"
"andrena blaisdelli","","Camissonia Link","CA","Rare"
"andrena blennospermatis","Asteraceae","Asteraceae : Blennosperma Less. , Lasthenia Cass.","CA","Rare"
"andrena bocensis","Asteraceae","Asteraceae : Solidago L.","CA-OR","Rare"
"andrena boronensis","","Camissonia Link","CA","Rare"
"andrena bradleyi","Ericaceae","Ericaceae : Kalmia L. , Vaccinium L.","CO-WY","Rare"
"andrena brevipalpis","","Rhus L.","AZ-CO","Rare"
"andrena brooksi","Asteraceae","Asteraceae : Simsia Pers.","AZ-NM","Rare"
"andrena bucculenta","","Salix L.","CA","Rare"
"andrena caerulea","","Ranunculus L.","CA-ID-OR-NV-UT-WA","Common-Uncommon"
"andrena caliginosa","","Ribes L.","CA","Rare"
"andrena calvata","Asteraceae","Asteraceae : Viguiera Kunth","CA-AZ-NM","Rare"
"andrena camissoniae","","Camissonia Link","CA","Rare"
"andrena campanulae","","Campanula L.","CO-UT-WY","Rare"
"andrena canadensis","Asteraceae","Asteraceae : Chrysothamnus Nutt. , Eurybia (Cass.) Cass. , Grindelia Willd. , Gutierrezia Lag. , Solidago L. , Symphyotrichum Nees","AZ-CA-CO-MT-NM-UT-WY","Uncommon-Rare"
"andrena candidiformis","","Ceanothus L. , Lomatium Raf.","AZ-CA-CO-ID-NV-OR-UT-WA","Uncommon"
"andrena capricornis","Brassicaceae","Brassicaceae : Descurainia Webb & Bethel. , Lepidium L. , Lesquerella S. Watson , Physaria (Nutt. ex Torr. & A. Gray) A. Gray","AZ-CA-CO-ID-NM-NV-UT","Uncommon-Rare"
"andrena chalybaea","","Camissonia Link","CA","Rare"
"andrena chalybioides","","Agoseris Raf.","CA-OR-UT","Uncommon-Rare"
"andrena chapmanae","","Cryptantha Lehm. ex G. Don , Hackelia Opiz","CA-ID-NV-OR-UT-WA","Uncommon-Rare"
"andrena cheyennorum","","Symphoricarpos Duham.","CA-CO-ID-UT-WA-WY","Uncommon-Rare"
"andrena chlorosoma","Asteraceae","Asteraceae : Agoseris Raf.","CA","Rare"
"andrena chromotricha","Asteraceae","Asteraceae : Grindelia Willd. , Helianthus L. , Solidago L. , Symphyotrichum Nees","AZ-CA-CO-NM-UT","Rare"
"andrena chylismiae","","Camissonia Link","CA-NV-OR-UT-WY","Rare"
"andrena citrinihirta","Asteraceae","Asteraceae : Baccharis L. , Ericameria Nutt. , Euthamia Nutt. ex Cass. , Isocoma Nutt. , Solidago L.","CA-OR","Rare"
"andrena clarkella","","Salix L.","CO","Rare"
"andrena cleodora","","Ceanothus L.","AZ-CA-CO-ID-MT-NV-OR-UT-WA-WY","Common-Uncommon"
"andrena colletina","Asteraceae","Asteraceae : Chrysothamnus Nutt. , Ericameria Nutt. , Solidago L.","AZ-CA-CO-ID-NM-NV-OR-UT-WY","Uncommon-Rare"
"andrena columbiana","Asteraceae","Asteraceae : Heterotheca Cass. , Solidago L.","CA-CO-ID-MT-NV-OR-UT-WA-WY","Uncommon"
"andrena compositarum","Asteraceae","Asteraceae : Layia Hook. & Arn. ex DC.","CA","Rare"
"andrena concinnula","","Salix L.","AZ-CA-OR","Uncommon-Rare"
"andrena costillensis","Asteraceae","Asteraceae : Agoseris Raf. , Chrysothamnus Nutt. , Erigeron L. , Grindelia Willd. , Heliomeris Nutt. , Heterotheca Cass. ,","AZ-CA-CO-ID-MT-NM-UT-WY","Uncommon"
"andrena cragini","","Amorpha L.","CO","Rare"
"andrena cristata","","Arctostaphylos Adans.","AZ-CA-CO-NV-OR-UT-WA","Uncommon-Rare"
"andrena crudeni","","Nemophila Nutt.","CA","Uncommon-Rare"
"andrena cryptanthae","","Cryptantha Lehm. ex G. Don","CA","Uncommon-Rare"
"andrena cuneilabris","","Ranunculus L.","CA-OR","Uncommon"
"andrena cyanosoma","","Camissonia Link","CA-NM","Rare"
"andrena decolorata","","Camissonia Link","CA","Rare"
"andrena deserticola","","Camissonia Link","CA","Rare"
"andrena dissimulans","","Lasthenia Cass.","CA","Rare"
"andrena dissona","","Lasthenia Cass. , Layia Hook. & Arn. ex DC.","CA","Rare"
"andrena distans","","Geranium L.","CO","Rare"
"andrena duboisi","Asteraceae","Asteraceae : Blennosperma Less. , Layia Hook. & Arn. ex DC. , Lasthenia Cass.","CA","Rare"
"andrena eothina","","Camissonia Link","CA","Rare"
"andrena erythrogaster","","Salix L.","CO-ID-MT-NM-UT-WA-WY","Common-Uncommon"
"andrena escondida","","Layia Hook. & Arn. ex DC.","CA","Rare"
"andrena evoluta","","Agoseris Raf.","AZ-CA-ID-MT-NV-OR-UT-WA-WY","Uncommon"
"andrena flandersi","","Camissonia Link","CA","Rare"
"andrena foxii","","Camissonia Link","CA","Rare"
"andrena fragilis","","Cornus (Swida) L.","CO-NM","Rare"
"andrena frigida","","Salix L.","AZ-CA-CO-ID-MT-NM-NV-OR-UT-WA-WY","Common"
"andrena fulvipennis","","Heterotheca Cass.","AZ","Rare"
"andrena furva","","Camissonia Link , Clarkia Pursh","CA","Rare"
"andrena gardineri","","Gutierrezia Lag. , Packera Á. Löve & D. Löve , Senecio L.","CA-CO-NM-WY","Uncommon"
"andrena geranii","","Hydrophyllum L.","CO-UT-WY","Rare"
"andrena gibberis","","Salix L.","CA-NV-UT","Rare"
"andrena gnaphalii","","Agoseris Raf.","CA-OR","Rare"
"andrena grindeliae","Asteraceae","Asteraceae : Baccharis L. , Grindelia Willd. , Hemizonia DC.","CA","Rare"
"andrena haynesi","","Helianthus L.","AZ-CO-NM-UT-WY","Uncommon"
"andrena helianthi","","Helianthus L.","AZ-CA-CO-ID-MT-NM-NV-OR-UT-WA-WY","Common-Uncommon"
"andrena helianthiformis","","Echinacea Moench","MT","Rare"
"andrena hermosa","","Lasthenia Cass.","CA","Rare"
"andrena hirticincta","Asteraceae","Asteraceae : Euthamia Nutt. ex. Cass. , Grindelia Willd. , Solidago L. , Symphyotrichum Nees","CO-ID-MT-NM-UT-WY","Common-Uncommon"
"andrena illinoiensis","","Salix L.","AZ-CA-CO-ID-MT-NM-NV-OR-UT-WA-WY","Common-Uncommon"
"andrena inculta","","Encelia Adans.","NM","Rare"
"andrena irrasus","Asteraceae","Asteraceae : Amphiachyris (A. DC.) Nutt. , Chrysothamnus Nutt.","NM-WY","Rare"
"andrena ishii","","Salix L.","AZ-CA","Rare"
"andrena isocomae","Asteraceae","Asteraceae : Gutierrezia Lag. , Heterotheca Cass. , Isocoma Nutt. , Senecio L. , Solidago L.","CA","Rare"
"andrena jessicae","","Lesquerella S. Watson","AZ-NM","Rare"
"andrena kristina","Brassicaceae","Brassicaceae : Lepidium L. , Lesquerella S. Watson , Physaria (Nutt. ex Torr. & A. Gray) A. Gray","CO-UT","Rare"
"andrena labergei","","Salix L.","AZ-CA-NM","Rare"
"andrena lativentris","Asteraceae","Asteraceae : Blennosperma Less. , Layia Hook. & Arn. ex DC. , Lasthenia Cass.","CA","Rare"
"andrena layiae","","Lasthenia Cass.","AZ-CA","Rare"
"andrena levipes","Polemoniaceae","Polemoniaceae : Leptosiphon Benth. , Linanthus Benth.","AZ-CA-CO-OR","Rare"
"andrena lewisorum","","Clarkia Pursh","CA","Rare"
"andrena linsleyana","","Oenothera L.","UT","Rare"
"andrena linsleyi","","Oenothera L.","AZ-CA-NV","Rare"
"andrena lupinorum","Fabaceae","Fabaceae","CA-CO-ID-MT-NM-NV-OR-UT-WA-WY","Common-Uncommon"
"andrena macoupinensis","","Salix L.","AZ-CA-CO-ID-MT-NV-OR-UT-WA-WY","Common-Uncommon"
"andrena macrocephala","","Nemophila Nutt.","CA","Uncommon-Rare"
"andrena macswaini","","Camissonia Link","AZ-CA","Rare"
"andrena malacothricidis","","Malacothrix DC.","CA","Rare"
"andrena mariae","","Salix L.","CO-ID-MT-NM-NV-OR-UT-WA-WY","Uncommon"
"andrena melanochroa","","Potentilla L.","AZ-CA-CO-ID-MT-OR-UT-WA-WY","Uncommon"
"andrena mentzeliae","","Mentzelia L.","CA-CO-NM","Rare"
"andrena mesillae","Brassicaceae","Brassicaceae : Lesquerella S. Watson , Physaria (Nutt. ex Torr. & A. Gray) A. Gray","AZ-CO-MT-NM","Rare"
"andrena microchlora","","Lomatium Raf.","AZ-CA-CO-ID-MT-NV-OR-UT-WA-WY","Uncommon-Rare"
"andrena mojavensis","","Camissonia Link","CA","Rare"
"andrena monogonoparia","","Arctostaphylos Adans.","CA-NV","Rare"
"andrena monticola","Asteraceae","Asteraceae : Cirsium Mill. , Heliopsis Pers.","AZ","Rare"
"andrena nemophilae","","Nemophila Nutt.","CA","Uncommon-Rare"
"andrena neomexicana","","Gutierrezia Lag. ( Eriogonum Michx. ?)","AZ-NM","Rare"
"andrena nevadae","","Camissonia Link","NV","Rare"
"andrena nevadensis","","Salix L.","CA-ID-NV-OR-UT-WA","Uncommon-Rare"
"andrena nigra","","Phacelia Juss.","AZ-CA","Rare"
"andrena nigrae","","Salix L.","CO-ID-MT-UT-WA-WY","Uncommon-Rare"
"andrena nigripes","","Nemophila Nutt.","CA","Rare"
"andrena nothocalaidis","","Agoseris Raf.","CA-CO-ID-MT-NV-OR-UT-WA-WY","Uncommon"
"andrena nothoscordi","","Nothoscordum Kunth","CO","Rare"
"andrena nubecula","","Solidago L.","AZ-CO-ID-MT-NM-OR-UT-WA-WY","Uncommon"
"andrena oenotherae","","Camissonia Link","CA","Rare"
"andrena ofella","Asteraceae","Asteraceae : Chrysothamnus Nutt. , Ericameria Nutt. , Nutt., Gutierrezia Lag. , Haplopappus Cass.","AZ-NM","Rare"
"andrena olivacea","Asteraceae","Asteraceae : Baileya Harv. & A. Gray ex A. Gray , Geraea Torr. & A. Gray , Malacothrix DC. , Rafinesquia Nutt.","AZ-CA-NM-NV","Rare"
"andrena omninigra","","Clarkia Pursh","CA","Rare"
"andrena orthocarpi","","Lasthenia Cass.","CA-OR-WA","Uncommon-Rare"
"andrena osmioides","","Cryptantha Lehm. ex G. Don","AZ-CA","Uncommon-Rare"
"andrena pallidiscopa","","Lomatium Raf.","AZ-CA-CO-ID-NV-OR-UT-WA-WY","Rare"
"andrena palpalis","","Phacelia Juss.","AZ-CA-NM-NV-UT","Uncommon-Rare"
"andrena papagorum","","Salix L.","AZ-CA-OR-UT","Rare"
"andrena parachalybea","","Camissonia Link","AZ-CA","Rare"
"andrena pecosana","Asteraceae","Asteraceae : Chrysothamnus Nutt. , Ericameria Nutt. , Grindelia Willd. , Gutierrezia Lag. , Haplopappus Cass. , Heliomeris Nutt. , Heterotheca Cass. , Viguiera Kunth , Xanthisma DC.","AZ-CO-NM-UT","Rare"
"andrena pectidis","","Pectis L.","NM","Rare"
"andrena pensilis","","Lasthenia Cass.","CA-OR","Rare"
"andrena perarmata","","Salix L.","CA-CO-ID-MT-NM-NV-OR-UT-WA-WY","Uncommon"
"andrena perpunctata","","Heterotheca Cass. ,","AZ-NM","Rare"
"andrena persimulata","","Cornus (Swida) L.","CA-CO-UT-WY","Rare"
"andrena piperi","Brassicaceae","Brassicaceae : Descurainia Webb & Bethel. , Lepidium L. , Lesquerella S. Watson , Physaria (Nutt. ex Torr. & A. Gray) A. Gray","AZ-CA-CO-ID-MT-NV-OR-UT-WA","Uncommon-Rare"
"andrena plana","","Trifolium L.","CA-OR","Uncommon-Rare"
"andrena platyparia","","Cornus (Swida) L.","CA-OR-UT","Rare"
"andrena porterae","","Ribes L.","AZ-CA-CO-ID-MT-NM-NV-OR-UT-WA-WY","Uncommon-Rare"
"andrena prima","Brassicaceae","Brassicaceae : Lepidium L. , Lesquerella S. Watson , Physaria (Nutt. ex Torr. & A. Gray) A. Gray","AZ-CA-CO-NM-UT","Uncommon-Rare"
"andrena primulifrons","","Lesquerella S. Watson","AZ-NM-NV","Rare"
"andrena principalis","","Arctostaphylos Adans.","AZ-CA","Rare"
"andrena pulverea","","Limnanthes R. Br.","CA","Rare"
"andrena puthua","Asteraceae","Asteraceae : Lasthenia Cass. , Wyethia Nutt.","CA","Rare"
"andrena quintilis","","Amorpha L.","CO-UT","Rare"
"andrena ramaleyi","Asteraceae","Asteraceae : Chrysothamnus Nutt. , Ericameria Nutt.","AZ-CO-ID-NM-NV-WY","Rare"
"andrena raveni","","Camissonia Link","CA-ID-NV-OR-UT-WA","Rare"
"andrena reflexa","Asteraceae","Asteraceae : Gutierrezia Lag. , Verbesina L.","NM","Rare"
"andrena ribblei","","Polemonium L.","CA-CO-OR-UT-WA-WY","Rare"
"andrena robervalensis","Asteraceae","Asteraceae","CO-WY","Rare"
"andrena rozeni","","Camissonia Link","AZ-CA-NV","Rare"
"andrena rubrotincta","","Camissonia Link","AZ-CA-NV-UT","Rare"
"andrena rudbeckiae","","Ratibida Raf. , Rudbeckia L.","CO","Rare"
"andrena runcinatae","Asteraceae","Asteraceae : Agoseris Raf. , Cirsium Mill. , Grindelia Willd. , Lactuca L. , Ratibida Raf.","CO-MT","Rare"
"andrena salicifloris","","Salix L.","CA-CO-ID-MT-OR-UT-WA-WY","Uncommon-Rare"
"andrena salictaria","","Salix L.","CO-ID-MT-NM-UT-WA-WY","Uncommon-Rare"
"andrena scurra","Brassicaceae","Brassicaceae : Lepidium L. , Lesquerella S. Watson","CA-CO-ID-MT-NV-OR-UT-WA-WY","Uncommon-Rare"
"andrena scutellinitens","Asteraceae","Asteraceae : Achillea L. , Anaphalis DC. , Eurybia (Cass.) Cass. , Erigeron L. , Senecio L. , Solidago L.","CA-CA-ID-MT-NM-NV-OR-UT-WA-WY","Common-Uncommon"
"andrena semipunctata","","Salix L.","AZ-CA-ID-NM-NV-OR-UT-WA","Rare"
"andrena sigmundi","","Salix L.","CA-CO-ID-MT-NM-NV-OR-UT-WA-WY","Uncommon"
"andrena simulata","Asteraceae","Asteraceae : Viguiera Kunth","AZ-NM-CO","Rare"
"andrena sonorensis","Asteraceae","Asteraceae : Ericameria Nutt. , Gutierrezia Lag.","AZ-NM","Rare"
"andrena sperryi","","Camissonia Link","CA","Rare"
"andrena sphaeralceae","","Sphaeralcea A. St.-Hil.","AZ-CA-CO-NM-NV-UT","Uncommon-Rare"
"andrena stagei","","Oenothera L.","WY","Rare"
"andrena striatifrons","","Salix L.","AZ-CA-CO-ID-MT-NM-NV-OR-UT-WA-WY","Uncommon-Rare"
"andrena suavis","","Ranunculus L.","CA-OR","Uncommon-Rare"
"andrena subapasta","","Arenaria L.","CA","Rare"
"andrena subaustralis","","Salix L.","AZ-CA-CO-ID-NM-NV-OR-UT-WA","Rare"
"andrena subchalybea","","Lasthenia Cass.","CA-OR-UT-WA","Uncommon-Rare"
"andrena sublayiae","","Lasthenia Cass.","CA-NV","Rare"
"andrena submaura","","Ribes L.","CA","Rare"
"andrena submoesta","","Lasthenia Cass.","AZ-CA","Uncommon-Rare"
"andrena subnigripes","","Nemophila Nutt.","CA","Rare"
"andrena sulcata","Asteraceae","Asteraceae : Chrysothamnus Nutt. , Ericameria Nutt.","CA-ID-OR-UT-WA-WY","Rare"
"andrena surda","Asteraceae","Asteraceae : Chrysothamnus Nutt. , Ericameria Nutt. , Gutierrezia Lag. , Machaeranthera Nees , Solidago L.","AZ-CA-CO-ID-MT-NM-NV-OR-UT-WA-WY","Common-Uncommon"
"andrena tegularis","Asteraceae","Asteraceae : Heliopsis Pers.","AZ-NM","Rare"
"andrena timberlakei","","Cryptantha Lehm. ex G. Don","CA","Rare"
"andrena tonkaworum","Asteraceae","Asteraceae : Engelmannia A. Gray ex Nutt.","CO-NM","Rare"
"andrena torulosa","","Limnanthes R. Br.","CA-OR","Rare"
"andrena trimaculata","Asteraceae","Asteraceae : Helianthus L.","AZ-NM","Rare"
"andrena trizonata","","Salix L.","CA-CO-ID-NM-NV-OR-UT-WA-WY","Uncommon-Rare"
"andrena utahensis","Asteraceae","Asteraceae : Coreopsis L. , Enceliopsis (A. Gray) A. Nelson , Geraea Torr. & A. Gray , Hymenopappus L'Hér.","AZ-CO-NM-NV-UT","Uncommon-Rare"
"andrena vanduzeei","","Gayophytum A. Juss.","CA","Rare"
"andrena vandykei","","Arctostaphylos Adans.","CA-OR","Rare"
"andrena verbesinae","Asteraceae","Asteraceae : Grindelia Willd. , Heliomeris Nutt. , Verbesina L.","NM-UT","Rare"
"andrena vespertina","","Camissonia Link","CA","Rare"
"andrena violae","","Viola L.","CO","Rare"
"andrena vulpicolor","Asteraceae","Asteraceae : Chrysothamnus Nutt. , Ericameria Nutt. , Heliomeris Nutt. , Heterotheca Cass. , Senecio L. , Viguiera Kunth","AZ-CA-CO-ID-NM-NV-OR-UT-WY","Uncommon"
"andrena wellesleyana","","Salix L.","CO-UT-WY","Uncommon-Rare"
"andrena winnemuccana","Brassicaceae","Brassicaceae : Caulanthus S. Watson , Guillenia Greene , Thelypodium Endl.","NV-OR","Rare"
"andrena xanthigera","Asteraceae","Asteraceae : Haplopappus Cass.","AZ-CO-NM-UT","Uncommon-Rare"
"andrena ziziae","","Zizia W.D.J. Koch","CA-CO-NM-UT","Rare"
"andrena ziziaeformis","","Potentilla L. , Waldsteinia Willd.","UT","Rare"
"anthidium atripes","Fabaceae","Fabaceae : Astragalus L. , Lotus L.","AZ-CA-CO-ID-NM-NV-OR-UT","Rare"
"anthidium clypeodentatum","Fabaceae","Fabaceae : Astragalus L. , Lotus L.","AZ-CA-CO-ID-MT-UT-WA-WY","Rare"
"anthidium dammersi","Fabaceae","Fabaceae : Astragalus L.","AZ-CA-NM-NV-UT-WY","Rare"
"anthidium emarginatum","","Phacelia Juss.","AZ-CA-CO-ID-MT-NM-NV-OR-UT-WA-WY","Uncommon-Rare"
"anthidium mormonum","","Lotus L. , Phacelia Juss.","AZ-CA-CO-ID-MT-NM-NV-OR-UT-WA-WY","Uncommon-Rare"
"anthidium pallidiclypeum","Fabaceae","Fabaceae : Lotus L.","AZ-CA-NV","Rare"
"anthidium palmarum","","Phacelia Juss.","AZ-CA-NM-NV-OR-UT","Uncommon-Rare"
"anthidium psoraleae","Fabaceae","Fabaceae","AZ-CO-NM","Rare"
"anthidium tenuiflorae","Fabaceae","Fabaceae : Astragalus L. , Lotus L.","AZ-CA-CO-ID-MT-NM-NV-OR-UT-WA-WY","Uncommon-Rare"
"anthidium utahense","Fabaceae","Fabaceae : Lotus L.","AZ-CA-CO-ID-MT-NV-OR-UT-WA-WY","Uncommon-Rare"
"anthophora abroniae","","Abronia Juss.","AZ-CA-NV","Rare"
"anthophora affabilis","","Oenothera L.","AZ-CA-CO-ID-MT-NM-NV-OR-UT-WA-WY","Uncommon-Rare"
"anthophora cockerelli","Capparaceae","Capparaceae : Cleome L. , Cleomella DC. , Oxystylis Torr. & Frém. , Wislizenia Engelm.","CA-NV-UT","Rare"
"anthophora curta","Asteraceae","Asteraceae : Baileya Harv. & A. Gray ex A. Gray , Bebbia (Benth.) Greene , Coreopsis L. , Corethrogyne DC. , Deinandra Greene , Encelia Adans. , Ericameria Nutt. , Gaillardia Foug. , Grindelia Willd. , Gutierrezia Lag. , Haplopappus Cass. , Helianthus L. , Hemizonia DC. , Heterotheca Cass. , Hymenothrix A. Gray , Machaeranthera Nees , Palafoxia Lag. , Solidago L. , Stephanomeria Nutt. , Verbesina L.","AZ-CA-CO-NM-NV-OR-UT-WA","Uncommon-Rare"
"anthophora exigua","Asteraceae","Asteraceae : Chrysothamnus Nutt. , Ericameria Nutt. , Grindelia Willd. , Haplopappus Cass. , Orochaenactis Coville","AZ-CA-CO-ID-NV-OR-UT-WA-WY","Uncommon-Rare"
"anthophora flavocincta","","Heliotropium L.","CA","Uncommon-Rare"
"anthophora hololeuca","Fabaceae","Fabaceae : Dalea L. , Psorothamnus Rydb.","AZ-CA-NV-UT","Uncommon-Rare"
"anthophora maculifrons","Asteraceae","Asteraceae : Chrysothamnus Nutt. , Ericameria Nutt. , Grindelia Willd. , Gutierrezia Lag. , Vanclevea Greene","AZ-CA-CO-ID-NM-NV-OR-UT-WY","Uncommon-Rare"
"anthophora phaceliae","","Phacelia Juss.","CA","Rare"
"anthophora porterae","","Astragalus L.","AZ-CA-CO-ID-MT-NM-NV-OR-UT-WA-WY","Uncommon-Rare"
"anthophorula euphorbiae","","Euphorbia L.","AZ-CA-NM","Rare"
"ashmeadiella australis","","Penstemon Schmidel [ Keckiella Straw ?]","AZ-CA-NV-UT","Uncommon-Rare"
"ashmeadiella bucconis","Asteraceae","Asteraceae : Acamptopappus (A. Gray) A. Gray , Baileya Harv. & A. Gray ex A. Gray , Chaenactis DC. , Chrysothamnus Nutt. , Coreopsis L. , Echinacea Moench , Encelia Adans. , Ericameria Nutt. , Erigeron L. , Grindelia Willd. , Gutierrezia Lag. , Heliomeris Nutt. , Heterotheca Cass. , Hymenothrix A. Gray , Isocoma Nutt. , Lactuca L. , Machaeranthera Nees , Pectis L. , Pentachaeta Nutt. , Senecio L. , Solidago L. , Vanclevea Greene , Verbesina L. , Wyethia Nutt. , Xanthisma DC.","AZ-CA-CO-ID-MT-NM-NV-OR-UT-WA-WY","Common-Uncommon"
"ashmeadiella cazieri","Fabaceae","Fabaceae : Dalea L. , Parkinsonia L. , Psorothamnus Rydb.","AZ-CA-NM-NV-UT","Uncommon-Rare"
"ashmeadiella cubiceps","Asteraceae","Asteraceae : Baileya Harv. & A. Gray ex A. Gray , Chaenactis DC. , Encelia Adans. , Ericameria Nutt. , Erigeron L. , Heliomeris Nutt. , Hieracium L. , Malacothrix DC.","AZ-CA-CO-MT-NV-OR-UT-WA","Uncommon-Rare"
"ashmeadiella erema","Fabaceae","Fabaceae : Dalea L. , Hedysarum L. , Lupinus L. , Psorothamnus Rydb.","AZ-CA-NM-NV-UT","Rare"
"ashmeadiella inyoensis","Fabaceae","Fabaceae : Astragalus L. , Dalea L. , Lupinus L. , Psorothamnus Rydb.","CA-NV","Rare"
"ashmeadiella micheneri","","Phacelia Juss.","CA","Rare"
"ashmeadiella opuntiae","Cactaceae","Cactaceae : Cylindropuntia (Engelm.) Kreuzinger , Echinocactus Link & Otto , Ferocactus Britton & Rose , Opuntia Mill.","AZ-CA-CO-ID-NM-NV-UT","Common-Uncommon"
"ashmeadiella prosopidis","Fabaceae","Fabaceae : Dalea L. , Olneya A. Gray , Parkinsonia L. , Prosopis L. , Psorothamnus Rydb.","AZ-CA-CO-NM-NV-UT","Common-Uncommon"
"ashmeadiella rhodognatha","Fabaceae","Fabaceae : Dalea L. , Olneya A. Gray , Parkinsonia L. , Prosopis L. , Psorothamnus Rydb.","AZ-CA-CO-NM-NV-UT","Uncommon-Rare"
"ashmeadiella rubrella","Fabaceae","Fabaceae : Dalea L. , Prosopis L. , Psorothamnus Rydb.","AZ-CA-NM-NV","Uncommon-Rare"
"ashmeadiella rufitarsis","","Eriogonum Michx.","AZ-CA-NV-OR","Uncommon-Rare"
"ashmeadiella salviae","Lamiaceae","Lamiaceae : Lepechinia Willd. , Salvia L. , Trichostema L.","AZ-CA-NV","Uncommon-Rare"
"ashmeadiella timberlakei","Fabaceae","Fabaceae : Astragalus L. , Lotus L. , Lupinus L. , Psorothamnus Rydb. , Trifolium L.","CA-NV-OR","Uncommon-Rare"
"ashmeadiella xenomastax","Fabaceae","Fabaceae : Astragalus L. , Dalea L. , Lupinus L. , Psorothamnus Rydb.","CA-NV-UT","Uncommon-Rare"
"atoposmia abjecta","","Penstemon Schmidel [ Keckiella Straw ?]","CA-CO-ID-MT-NV-OR-UT-WY","Uncommon-Rare"
"atoposmia anthodyta","","Penstemon Schmidel [ Keckiella Straw ?]","AZ-CA-CO-ID-NV-UT","Rare"
"atoposmia copelandica","","Phacelia Juss.","AZ-CA-CO-ID-MT-NM-NV-OR-UT-WA-WY","Uncommon-Rare"
"atoposmia daleae","","Dalea L.","AZ-CA-NV-NM","Rare"
"atoposmia enceliae","Asteraceae","Asteraceae : Baileya Harv. & A. Gray ex A. Gray , Chaenactis DC. , Encelia Adans.","AZ-CA-NV-UT","Rare"
"atoposmia hypostomalis","Fabaceae","Fabaceae : Astragalus L. , Dalea L. , Lotus L.","AZ-CA-NV-UT","Rare"
"atoposmia oregona","","Penstemon Schmidel [ Keckiella Straw ?]","CA-ID-OR","Rare"
"atoposmia robustula","Fabaceae","Fabaceae : Astragalus L. , Dalea L. , Lotus L.","CA-NV","Rare"
"atoposmia segregata","Fabaceae","Fabaceae : Psorothamnus Rydb.","CA-NV","Rare"
"atoposmia timberlakei","Fabaceae","Fabaceae : Astragalus L.","AZ-CA-NV-UT","Rare"
"atoposmia triodonta","","Penstemon Schmidel [ Keckiella Straw ?]","CA-CO-ID-MT-NV-OR-UT-WY","Uncommon-Rare"
"calliopsis anomoptera","Euphorbiaceae","Euphorbiaceae : Chamaesyce Gray , Euphorbia L.","AZ-CA-NM-NV","Uncommon-Rare"
"calliopsis anthidius","","Trifolium L.","CA-ID-NV-OR-UT","Uncommon-Rare"
"calliopsis barbata","","Phacelia Juss.","CA","Rare"
"calliopsis bernardinensis","Asteraceae","Asteraceae : Gutierrezia Lag. , Heterotheca Cass. ,","CA","Rare"
"calliopsis callops","","Chamaesaracha (A. Gray) Benth. , Physalis L.","AZ-CO-NV-NM","Uncommon-Rare"
"calliopsis callosa","","Tidestromia Standl.","AZ-NM","Rare"
"calliopsis chlorops","Asteraceae","Asteraceae : Chrysothamnus Nutt. , Ericameria Nutt. , Grindelia Willd. , Gutierrezia Lag. , Helianthus L. , Heliomeris Nutt. , Heterotheca Cass. , Xanthisma DC.","AZ-CO-ID-NM-NV-UT-WY","Uncommon"
"calliopsis cinctus","","Calochortus Pursh","CA","Rare"
"calliopsis coloradensis","","Grindelia Willd.","AZ-CO-ID-MT-NM-UT-WY","Uncommon-Rare"
"calliopsis coloratipes","Asteraceae","Asteraceae : Baileya Harv. & A. Gray ex A. Gray , Haplopappus Cass. , Helianthus L. , Heterotheca Cass. , Verbesina L. , Viguiera Kunth","AZ-NM-NV","Uncommon-Rare"
"calliopsis comptula","","Horkelia Cham. & Schltdl. , Potentilla L.","CA","Rare"
"calliopsis crypta","Asteraceae","Asteraceae : Cirsium Mill. , Heterotheca Cass. , Verbesina L.","AZ-NM","Rare"
"calliopsis deserticola","Asteraceae","Asteraceae : Encelia Adans.","AZ-CA","Rare"
"calliopsis edwardsii","","Horkelia Cham. & Schltdl. , Potentilla L.","CA-ID-OR-WA","Uncommon-Rare"
"calliopsis empelia","","Sphaeralcea A. St.-Hil.","AZ","Rare"
"calliopsis foleyi","","Larrea Cav.","AZ-CA-NV","Rare"
"calliopsis fracta","Boraginaceae","Boraginaceae : Cryptantha Lehm. ex G. Don , Eriodictyon Benth. , Nama L. , Phacelia Juss.","AZ-CA-NV-UT","Rare"
"calliopsis fulgida","","Euphorbia L.","AZ-NM","Rare"
"calliopsis gilva","","Euphorbia L.","AZ-NM","Rare"
"calliopsis helianthi","Euphorbiaceae","Euphorbiaceae : Chamaesyce Gray , Euphorbia L.","AZ-CA-NM-NV","Uncommon-Rare"
"calliopsis hesperia","","Heliotropium L.","CA-NV-UT","Uncommon-Rare"
"calliopsis hirsutifrons","","Verbena L.","NM","Rare"
"calliopsis larreae","","Larrea Cav.","CA-NV","Rare"
"calliopsis limbus","","Euphorbia L.","AZ-NM","Rare"
"calliopsis linsleyi","","Eriodictyon Benth.","CA","Rare"
"calliopsis macswaini","","Wislizenia Engelm.","AZ","Rare"
"calliopsis meliloti","Fabaceae","Fabaceae : Dalea L. , Psorothamnus Rydb.","AZ-NM-UT","Uncommon-Rare"
"calliopsis mellipes","","Lotus L. ( Acmispon Raf.)","CA","Rare"
"calliopsis micheneri","","Trifolium L.","CA","Rare"
"calliopsis nigromaculata","Euphorbiaceae","Euphorbiaceae : Chamaesyce Gray , Euphorbia L.","AZ-CA-NV-UT","Rare"
"calliopsis obscurella","","Eschscholzia Cham.","AZ-CA-OR","Rare"
"calliopsis pectidis","Asteraceae","Asteraceae : Baccharis L. , Baileya Harv. & A. Gray ex A. Gray , Dyssodia Cav. , Heterotheca Cass. , Pectis L. , Verbesina L.","AZ-CA-NM","Uncommon-Rare"
"calliopsis persimilis","","Physalis L.","AZ-CA-NM","Rare"
"calliopsis phaceliae","","Phacelia Juss.","CA","Rare"
"calliopsis philiphunteri","Asteraceae","Asteraceae : Ericameria Nutt. , Grindelia Willd. , Gutierrezia Lag. , Isocoma Nutt. , Machaeranthera Nees , Verbesina L.","AZ-CA-NM-NV-UT","Uncommon-Rare"
"calliopsis puellae","Asteraceae","Asteraceae : Baileya Harv. & A. Gray ex A. Gray , Calycoseris A. Gray , Chaenactis DC. , Malacothrix DC.","AZ-CA-ID-NM-NV-UT","Common-Uncommon"
"calliopsis pugionis","Asteraceae","Asteraceae : Centromadia Greene , Chaenactis DC. , Coreopsis L. , Encelia Adans. , Helianthus L. , Hemizonia DC.","CA","Rare"
"calliopsis rogeri","Euphorbiaceae","Euphorbiaceae : Chamaesyce Gray , Euphorbia L.","AZ-NM","Rare"
"calliopsis rozeni","Asteraceae","Asteraceae : Bahia Lag. , Baileya Harv. & A. Gray ex A. Gray , Dyssodia Cav. , Encelia Adans. , Gutierrezia Lag. , Heliomeris Nutt. , Heterotheca Cass. , Machaeranthera Nees , Malacothrix DC. , Psilostrophe DC. , Verbesina L.","AZ-CA-NM","Uncommon"
"calliopsis squamifera","Euphorbiaceae","Euphorbiaceae : Chamaesyce Gray , Euphorbia L.","AZ-CA-NM","Rare"
"calliopsis subalpina","","Sphaeralcea A. St.-Hil.","AZ-CA-CO-NM-NV-UT","Common"
"calliopsis syphar","","Euphorbia L.","CA","Rare"
"calliopsis trifolii","","Trifolium L.","AZ-CA-UT","Uncommon-Rare"
"calliopsis verbenae","","Verbena L.","AZ-NM","Rare"
"calliopsis zebrata","","Astragalus L.","AZ-CO-NM-UT-WY","Rare"
"calliopsis zonalis","","Monardella Benth.","CA-UT","Rare"
"caupolicana ocellata","","Dalea L. , Psorothamnus Rydb.","AZ-CO-NM","Rare"
"cemolobus ipomoeae","","Ipomoea L. , Calystegia R. Br. ?","CO","Rare"
"centris californica","Capparaceae","Capparaceae : Cleome L. , Cleomella DC. , Oxystylis Torr. & Frém. , Wislizenia Engelm.","AZ-CA-NV","Rare"
"ceratina sequoiae","","Clarkia Pursh","AZ-CA-ID-OR-WA","Uncommon-Rare"
"chelostoma californicum","","Phacelia Juss.","CA-NM-UT","Uncommon-Rare"
"chelostoma cockerelli","","Eriodictyon Benth.","AZ-CA-NV-OR-UT","Uncommon-Rare"
"chelostoma incisulum","","Phacelia Juss.","CA","Uncommon-Rare"
"chelostoma marginatum","","Phacelia Juss.","AZ-CA-NV","Uncommon-Rare"
"chelostoma minutum","Boraginaceae","Boraginaceae : Cryptantha Lehm. ex G. Don , Eriodictyon Benth. , Nama L. , Nemophila Nutt. , Phacelia Juss.","CA-ID-NM-NV-OR-UT-WA","Uncommon"
"chelostoma phaceliae","","Phacelia Juss.","CA-ID-NV-OR-UT-WA","Uncommon-Rare"
"chelostoma philadelphi","","Philadelphus L.","AL-CT-GA-MA-MD-ME-MS-NC-NJ-NY-SC-VA-WV","Uncommon-Rare"
"colletes aberrans","","Dalea L.","AZ-CO-NM","Rare"
"colletes albescens","","Amorpha L. , Dalea L.","CO-NM-UT","Rare"
"colletes algarobiae","","Prosopis L.","AZ-CA-NM-NV-UT","Uncommon-Rare"
"colletes andrewsi","","Heuchera L.","CO","Rare"
"colletes annae","Asteraceae","Asteraceae : Baccharis L. , Bebbia (Benth.) Greene , Chrysothamnus Nutt. , Haplopappus Cass. , Solidago L.","AZ-CA-NM-UT","Rare"
"colletes birkmanni","Asteraceae","Asteraceae : Baccharis L. , Gutierrezia Lag. , Helianthus L. , Heliopsis Pers. , Hymenopappus L'Hér.","AZ-CA-CO-NM","Rare"
"colletes brevicornis","","Campanula L. , Triodanis Raf. ex Greene","CO-MT-WY","Uncommon"
"colletes californicus","","Phacelia Juss.","CA","Rare"
"colletes ciliatoides","","Cuscuta L.","ID, UT","Rare"
"colletes ciliatus","","Cuscuta L.","CO","Rare"
"colletes clypeonitens","","Larrea Cav.","AZ-CA-NM-NV-UT","Uncommon"
"colletes compactus","Asteraceae","Asteraceae : Chrysothamnus Nutt. , Ericameria Nutt. , Solidago L.","AZ-CA-CO-ID-NM-NV-OR-UT-WA","Uncommon"
"colletes consors","Boraginaceae","Boraginaceae ; Hydrophyllaceae","AZ-CA-CO-ID-MT-NM-NV-OR-UT-WA-WY","Uncommon-Rare"
"colletes covilleae","","Larrea Cav.","AZ-CA-NM-NV-UT","Rare"
"colletes fulgidus","Asteraceae","Asteraceae : Achillea L. , Chrysothamnus Nutt. , Cirsium Mill. , Ericameria Nutt. , Erigeron L. , Grindelia Willd. , Gutierrezia Lag. , Haplopappus Cass. , Holocarpha Greene , Layia Hook. & Arn. ex DC. , Rudbeckia L. , Solidago L.","CA-CO-ID-MT-NV-OR-UT-WA-WY","Uncommon"
"colletes gypsicolens","Asteraceae","Asteraceae : Chrysothamnus Nutt. , Ericameria Nutt. , Grindelia Willd. , Gutierrezia Lag. , Helianthus L. , Verbesina L.","AZ-CA-CO-ID-NM-NV-OR-UT-WA","Uncommon-Rare"
"colletes larreae","","Larrea Cav.","AZ-CA-NV-UT","Uncommon-Rare"
"colletes laticinctus","Asteraceae","Asteraceae : Gutierrezia Lag.","AZ-CO-ID-NM-UT-WY","Rare"
"colletes latitarsis","","Physalis L.","AZ-CO-MT-NM-WY","Rare"
"colletes nigrifrons","","Potentilla L.","AZ-CA-CO-ID-MT-NM-NV-UT-WA-WY","Uncommon-Rare"
"colletes paniscus","","Mertensia Roth","AZ-CA-CO-ID-MT-NM-NV-OR-UT-WA-WY","Uncommon-Rare"
"colletes petalostemonis","Fabaceae","Fabaceae : Dalea L. , Psorothamnus Rydb.","AZ-CA-CO-ID-MT-NM-NV-UT-WY","Uncommon-Rare"
"colletes productus","Ericaceae","Ericaceae : Arctostaphylos Adans. , Comarostaphylis Zucc. , Ornithostaphylos Small , Phyllodoce Salisb. , Xylococcus Nutt. ?","CA","Rare"
"colletes prosopidis","","Prosopis L.","AZ-CA-NM-NV","Uncommon-Rare"
"colletes robertsonii","","Dalea L.","AZ-CO-NM-WY","Rare"
"colletes rufocinctus","Asteraceae","Asteraceae : Grindelia Willd. , Gutierrezia Lag. , Helianthus L. , Ratibida Raf. , Solidago L. , Symphyotrichum Nees","AZ-CA-CO-NM-WY","Rare"
"colletes scopiventer","","Chamaesaracha (A. Gray) Benth.","AZ-CA-CO-NM-NV","Rare"
"colletes simulans","Asteraceae","Asteraceae : Chrysothamnus Nutt. , Ericameria Nutt. , Solidago L.","AZ-CA-CO-ID-MT-NM-NV-OR-UT-WA-WY","Common"
"colletes sphaeralceae","","Sphaeralcea A. St.-Hil.","AZ-CA-CO-ID-NM-NV-OR-UT-WA","Uncommon-Rare"
"colletes stepheni","Fabaceae","Fabaceae : Parkinsonia L. , Psorothamnus Rydb.","AZ-CA-NV","Uncommon-Rare"
"colletes susannae","","Amorpha L. , Dalea L.","CO","Rare"
"colletes thysanellae","Asteraceae","Asteraceae : Baccharis L. , Balduina Nutt. , Heterotheca Cass. , Solidago L.","AZ","Rare"
"colletes timberlakei","","Dalea L.","CO-WY","Rare"
"colletes turgiventris","","Phacelia Juss.","CA","Rare"
"colletes willistoni","","Physalis L.","CO-UT-WY","Rare"
"colletes wilmattae","","Dalea L.","NM","Rare"
"colletes xerophilus","","Salix L.","AZ-CA-CO-ID-NM-NV-UT","Rare"
"conanthalictus bakeri","","Phacelia Juss.","AZ-CA-NM-NV","Uncommon-Rare"
"conanthalictus caerulescens","","Phacelia Juss.","AZ-CA-NV","Rare"
"conanthalictus cockerelli","Boraginaceae","Boraginaceae : Hydrophlloideae: Nama L. , Phacelia Juss.","AZ-CA-NV","Rare"
"conanthalictus conanthi","","Nama L.","AZ-NM","Rare"
"conanthalictus deserticola","","Nama L.","AZ-CA","Rare"
"conanthalictus macrops","","Nemophila Nutt. , Phacelia Juss.","CA","Rare"
"conanthalictus mentzeliae","","Mentzelia L.","CA-NV","Rare"
"conanthalictus minor","Boraginaceae","Boraginaceae : Hydrophlloideae: Nama L. , Phacelia Juss.","AZ-CA-NV-UT","Rare"
"conanthalictus namatophilus","Boraginaceae","Boraginaceae : Hydrophlloideae: Nama L. , Phacelia Juss.","CA","Rare"
"conanthalictus nigricans","","Phacelia Juss.","CA","Rare"
"conanthalictus seminiger","","Emmenanthe Benth.","CA","Rare"
"conanthalictus wilmattae","","Phacelia Juss.","CA","Rare"
"diadasia afflicta","Malvaceae","Malvaceae : Callirhoe Nutt.","NM","Rare"
"diadasia afflictula","Malvaceae","Malvaceae : Malvella Jaubert & Spach , Sida L.","AZ-NM","Rare"
"diadasia angusticeps","","Clarkia Pursh","CA","Rare"
"diadasia australis","Cactaceae","Cactaceae : Cylindropuntia (Engelm.) Kreuzinger , Echinocactus Link & Otto , Ferocactus Britton & Rose , Opuntia Mill.","AZ-CA-CO-ID-MT-NM-NV-UT-WY","Common-Uncommon"
"diadasia bituberculata","","Calystegia R. Br. , Convolvulus L.","CA-NV-OR","Uncommon-Rare"
"diadasia consociata","Malvaceae","Malvaceae : Gossypium L. , Sphaeralcea A. St.-Hil.","AZ-CA-NV-OR-UT-WY","Uncommon-Rare"
"diadasia diminuta","Malvaceae","Malvaceae : Sidalcea A. Gray , Sphaeralcea A. St.-Hil.","AZ-CA-CO-ID-MT-NM-NV-OR-UT-WA-WY","Common"
"diadasia enavata","Asteraceae","Asteraceae : Helianthus L.","AZ-CA-CO-ID-MT-NM-NV-OR-UT-WA-WY","Common"
"diadasia laticauda","Malvaceae","Malvaceae : Malacothamnus Greene , Sphaeralcea A. St.-Hil.","CA","Uncommon-Rare"
"diadasia lutzi","Malvaceae","Malvaceae : Eremalche Greene , Sphaeralcea A. St.-Hil.","AZ-CA-CO-ID-NM-NV-OR-UT-WY","Common-Uncommon"
"diadasia martialis","","Sphaeralcea A. St.-Hil.","AZ-CA-NV-UT","Uncommon"
"diadasia megamorpha","","Sphaeralcea A. St.-Hil.","AZ-NM","Rare"
"diadasia nigrifrons","Malvaceae","Malvaceae : Sidalcea A. Gray","CA-CO-NM-NV-OR-UT-WA-WY","Uncommon-Rare"
"diadasia nitidifrons","Malvaceae","Malvaceae : Iliamna Greene , Sidalcea A. Gray , Sphaeralcea A. St.-Hil.","CA-ID-OR-UT-WA","Rare"
"diadasia ochracea","Malvaceae","Malvaceae : Malacothamnus Greene , Malvella Jaubert & Spach , Sphaeralcea A. St.-Hil.","AZ-CA-CO-NM-NV-UT","Common"
"diadasia opuntiae","","Opuntia Mill.","AZ-CA","Rare"
"diadasia palmarum","","Sphaeralcea A. St.-Hil.","AZ-CA-NV","Rare"
"diadasia piercei","","Opuntia Mill.","AZ","Rare"
"diadasia rinconis","Cactaceae","Cactaceae : Cylindropuntia (Engelm.) Kreuzinger , Echinocactus Link & Otto , Ferocactus Britton & Rose , Opuntia Mill.","AZ-CA-CO-MT-NM-NV-UT","Common-Uncommon"
"diadasia sphaeralcearum","","Sphaeralcea A. St.-Hil.","AZ-CA-NM-NV-UT","Uncommon-Rare"
"diadasia tuberculifrons","","Sphaeralcea A. St.-Hil.","AZ-CA-NV-NM","Rare"
"diadasia vallicola","","Sphaeralcea A. St.-Hil.","AZ-CA-NV-NM-UT","Uncommon-Rare"
"dianthidium cressonii","Asteraceae","Asteraceae : Cirsium Mill. , Ericameria Nutt. , Grindelia Willd. , Senecio L.","AZ-CO-ID-NM-NV-UT-WY","Uncommon-Rare"
"dianthidium curvatum","Asteraceae","Asteraceae : Coreopsis L. , Grindelia Willd. , Helenium L. , Helianthus L.","AZ-CA-CO-ID-MT-NM-NV-OR-UT-WA-WY","Uncommon-Rare"
"dianthidium parvum","Asteraceae","Asteraceae : Baileya Harv. & A. Gray ex A. Gray , Chrysothamnus Nutt. , Cirsium Mill. , Corethrogyne DC. , Encelia Adans. , Erigeron L. , Gaillardia Foug. , Geraea Torr. & A. Gray , Grindelia Willd. , Gutierrezia Lag. , Heterotheca Cass. , Lessingia Cham. , Machaeranthera Nees , Stephanomeria Nutt.","AZ-CA-CO-ID-NM-NV-UT-WY","Uncommon-Rare"
"dianthidium platyurum","Asteraceae","Asteraceae : Bebbia (Benth.) Greene , Erigeron L. , Gutierrezia Lag. , Heterotheca Cass. , Lessingia Cham. , Malacothrix DC. , Pectis L. , Senecio L. , Stephanomeria Nutt.","AZ-CA-CO-NM-NV-UT","Rare"
"dianthidium singulare","Asteraceae","Asteraceae : Chaenactis DC. , Cirsium Mill. , Erigeron L. , Solidago L.","AZ-CA-ID-NV-UT","Rare"
"dianthidium subparvum","Asteraceae","Asteraceae : Agoseris Raf. , Chaenactis DC. , Chrysothamnus Nutt. , Cirsium Mill. , Corethrogyne DC. , Encelia Adans. , Erigeron L. , Grindelia Willd. , Gutierrezia Lag. , Haplopappus Cass. , Helianthus L. , Heliomeris Nutt. , Machaeranthera Nees , Pentachaeta Nutt. , Palafoxia Lag. , Pyrrocoma Hook. , Solidago L. , Stephanomeria Nutt. , Viguiera Kunth","AZ-CA-CO-ID-MT-NM-NV-OR-UT-WA-WY","Uncommon-Rare"
"dianthidium ulkei","Asteraceae","Asteraceae : Achillea L. , Baileya Harv. & A. Gray ex A. Gray , Chrysothamnus Nutt. , Cirsium Mill. , Encelia Adans. , Ericameria Nutt. , Erigeron L. , Grindelia Willd. , Gutierrezia Lag. , Haplopappus Cass. , Helenium L. , Helianthus L. , Heterotheca Cass. , Hulsea Torr. & A. Gray , Lessingia Cham. , Machaeranthera Nees , Pentachaeta Nutt. , Solidago L. , Stephanomeria Nutt. , Symphyotrichum Nees , Verbesina L.","AZ-CA-CO-ID-MT-NM-NV-OR-UT-WA-WY","Uncommon-Rare"
"dieunomia heteropoda","Asteraceae","Asteraceae : Bidens L. , Coreopsis L. , Helianthus L. , Silphium L. , Solidago L. , Verbesina L.","AZ-CA-CO-NM-NV-UT","Uncommon-Rare"
"dieunomia nevadensis","Asteraceae","Asteraceae : Baccharis L. , Baileya Harv. & A. Gray ex A. Gray , Chrysothamnus Nutt. , Gaillardia Foug. , Grindelia Willd. , Gutierrezia Lag. , Helianthus L. , Heterotheca Cass. , Pectis L. , Verbesina L.","AZ-CA-CO-NM-NV-OR-UT-WY","Uncommon"
"dieunomia triangulifera","","Helianthus L.","CO-NM-UT","Rare"
"dufourea afasciata","","Trifolium L.","CA-OR","Rare"
"dufourea boregoensis","","Camissonia Link","AZ-CA","Rare"
"dufourea calochorti","","Calochortus Pursh","CA-OR-WA","Rare"
"dufourea campanulae","","Campanula L.","CA-OR-WA","Rare"
"dufourea cuprea","","Gilia Ruiz & Pav. , Nemophila Nutt.","CA-OR","Rare"
"dufourea davidsoni","","Gayophytum A. Juss.","CA","Rare"
"dufourea dentipes","","Calochortus Pursh","CA-ID","Rare"
"dufourea echinocacti","","Echinocactus Link & Otto , Ferocactus Britton & Rose","CA","Rare"
"dufourea femorata","","Gilia Ruiz & Pav.","AZ-CA","Rare"
"dufourea fimbriata","","Potentilla L.","CA-CO-UT-WY","Rare"
"dufourea gilia","","Gilia Ruiz & Pav.","CA","Rare"
"dufourea holocyanea","","Symphoricarpos Duham.","CA-MT-OR-WA","Rare"
"dufourea latifrons","","Camissonia Link","CA","Rare"
"dufourea linanthi","","Linanthus Benth.","CA","Rare"
"dufourea macswaini","","Clarkia Pursh","CA","Rare"
"dufourea malacothricis","","Malacothrix DC.","AZ-CA-NM-NV-UT","Uncommon-Rare"
"dufourea marginata","Asteraceae","Asteraceae : Chrysothamnus Nutt. , Grindelia Willd. , Helianthus L. , Solidago L.","AZ-CA-CO-ID-MT-NM-NV-WY","Uncommon"
"dufourea maura","","Campanula L.","CO-ID-MT-NM-UT-WA-WY","Uncommon-Rare"
"dufourea moldenkei","","Hydrophyllum L.","CA","Rare"
"dufourea monardae","","Monarda L.","CO","Rare"
"dufourea mulleri","","Nemophila Nutt. , Phacelia Juss.","AZ-CA-NV-NM-OR-UT-WY","Uncommon-Rare"
"dufourea nemophilae","","Nemophila Nutt. , Phacelia Juss.","CA","Rare"
"dufourea nudicornis","","Camissonia Link","AZ-CA-NV","Rare"
"dufourea oenotherae","","Camissonia Link","CA","Rare"
"dufourea orovada","","Camissonia Link","CA-ID-NV-UT","Rare"
"dufourea pectinipes","","Mimulus L.","CA","Rare"
"dufourea pulchricornis","Brassicaceae","Brassicaceae : Lepidium L.","AZ-NM","Uncommon-Rare"
"dufourea scintilla","","Camissonia Link","CA","Rare"
"dufourea sparsipunctata","Onagraceae","Onagraceae : Camissonia Link , Clarkia Pursh , Oenothera L.","CA","Rare"
"dufourea spilura","","Gayophytum A. Juss.","CA","Rare"
"dufourea subdavidsoni","","Gayophytum A. Juss.","CA-ID-NV-UT-WY","Uncommon-Rare"
"dufourea trochantera","","Phacelia Juss.","CA-ID-NV-OR-UT-WA-WY","Uncommon-Rare"
"dufourea truncata","","Camissonia Link","CA","Rare"
"dufourea tuolumne","","Linanthus Benth.","CA","Rare"
"dufourea vanduzeei","","Linanthus Benth.","CA","Rare"
"dufourea vandykei","","Sphaeralcea A. St.-Hil.","AZ-CA-NV-UT","Rare"
"dufourea versatilis","","Mimulus L.","CA-ID-NV-OR","Rare"
"dufourea virgata","","Camissonia Link , Oenothera L.","AZ-CA","Rare"
"eucera acerba","","Arctostaphylos Adans.","CA-MT-NV-OR-UT","Rare"
"eucera amsinckiae","","Amsinckia Lehm.","CA-ID-NV-OR-WA","Rare"
"eulonchopria punctatissima","","Vachellia Wight & Arn.","AZ","Rare"
"exomalopsis solidaginis","Asteraceae","Asteraceae : Baccharis L. , Baileya Harv. & A. Gray ex A. Gray , Gutierrezia Lag. , Helianthus L. , Heterotheca Cass. , Machaeranthera Nees , Pectis L.","AZ-CA-NM-NV-UT","Uncommon-Rare"
"florilegus condignus","","Pontederia L. , Fabaceae ?","CO-NM","Rare"
"habropoda laboriosa","","Cercis L. , Lupinus L. , Vaccinium L.","CA-UT","Rare"
"habropoda pallida","Fabaceae","Fabaceae : Astragalus L. , Parkinsonia L. , Prosopis L. , Psorothamnus Rydb.","AZ-CA-NM-NV-UT","Uncommon"
"heriades cressoni","Asteraceae","Asteraceae : Chrysothamnus Nutt. , Ericameria Nutt. , Erigeron L. , Grindelia Willd. , Helianthus L. , Machaeranthera Nees , Senecio L.","AZ-CA-CO-ID-MT-NM-NV-OR-UT-WA-WY","Uncommon-Rare"
"heriades crucifera","Asteraceae","Asteraceae : Erigeron L. , Heliomeris Nutt. , Machaeranthera Nees , Verbesina L.","AZ-NM","Rare"
"hesperapis arenicola","Asteraceae","Asteraceae : Chaenactis DC. , Encelia Adans. , Geraea Torr. & A. Gray","AZ-CA-NV","Rare"
"hesperapis arida","","Larrea Cav.","AZ-CA-NV","Rare"
"hesperapis carinata","Asteraceae","Asteraceae : Helianthus L.","CO-ID-NV-OR-UT-WY","Rare"
"hesperapis fulvipes","Asteraceae","Asteraceae : Baileya Harv. & A. Gray ex A. Gray , Chaenactis DC. , Encelia Adans. , Geraea Torr. & A. Gray","AZ-CA-NV","Uncommon"
"hesperapis ilicifoliae","","Adenostoma Hook. & Arn. , Eriogonum Michx.","CA","Rare"
"hesperapis larreae","","Larrea Cav.","AZ-CA-NM-NV-UT","Uncommon"
"hesperapis laticeps","Loasaceae","Loasaceae : Eucnide Zucc. , Mentzelia L.","AZ-CA-NV","Uncommon-Rare"
"hesperapis leucura","","Dalea L.","AZ-CA","Rare"
"hesperapis pellucida","","Eschscholzia Cham.","CA","Rare"
"hesperapis regularis","","Clarkia Pursh","CA","Rare"
"hesperapis rhodocerata","Asteraceae","Asteraceae : Bahia Lag. , Baileya Harv. & A. Gray ex A. Gray , Chloracantha G.L. Nesom , Dyssodia Cav. , Gutierrezia Lag. , Helianthus L. , Heliomeris Nutt. , Heterotheca Cass. , Hymenothrix A. Gray , Isocoma Nutt. , Machaeranthera Nees , Pectis L. , Verbesina L. , Xylothamia G.L. Nesom, Suh, D. Morgan & Simpson","AZ-NM","Common-Uncommon"
"hesperapis rodecki","Asteraceae","Asteraceae : Helianthus L.","AZ-CO-NM","Rare"
"hesperapis rufipes","Polemoniaceae","Polemoniaceae : Eriastrum Wooton & Standl. , Navarretia Ruiz & Pav.","CA-UT","Rare"
"hesperapis trochanterata","","Nama L.","AZ","Rare"
"hoplitis basingeri","","Cryptantha Lehm. ex G. Don","CA","Rare"
"hoplitis biscutellae","","Larrea Cav.","AZ-CA-NM-NV-UT","Uncommon-Rare"
"hoplitis bunocephala","","Lotus L.","CA","Rare"
"hoplitis caudex","","Cryptantha Lehm. ex G. Don","CA","Rare"
"hoplitis colei","","Eriodictyon Benth.","AZ-CA-CO-NV-UT","Uncommon-Rare"
"hoplitis cryptanthae","","Cryptantha Lehm. ex G. Don","CA","Rare"
"hoplitis deserticola","","Cryptantha Lehm. ex G. Don","AZ-CA","Uncommon-Rare"
"hoplitis elongaticeps","Fabaceae","Fabaceae : Astragalus L. , Dalea L. , Lotus L.","AZ-CA-NV-UT-WY","Rare"
"hoplitis evansi","","Cryptantha Lehm. ex G. Don","CA","Rare"
"hoplitis hamulicornis","","Cryptantha Lehm. ex G. Don","CA-NV","Rare"
"hoplitis howardi","","Lotus L.","CA","Uncommon-Rare"
"hoplitis incanescens","","Cryptantha Lehm. ex G. Don","AZ-CA-NV-UT","Rare"
"hoplitis jacintana","","Cryptantha Lehm. ex G. Don","CA-OR","Uncommon-Rare"
"hoplitis mojavensis","Boraginaceae","Boraginaceae : Nama L. , Phacelia Juss.","AZ-CA-NV-UT","Uncommon-Rare"
"hoplitis nanula","","Cryptantha Lehm. ex G. Don","CA-NV","Rare"
"hoplitis nigrella","","Cryptantha Lehm. ex G. Don","CA-NV","Rare"
"hoplitis paroselae","Fabaceae","Fabaceae : Astragalus L. , Dalea L. , Psorothamnus Rydb.","AZ-CA-NV-UT","Uncommon-Rare"
"hoplitis pygmaea","","Cryptantha Lehm. ex G. Don","AZ-CA-NV-UT","Rare"
"hoplitis reducta","","Cryptantha Lehm. ex G. Don","CA","Rare"
"hoplitis remotula","","Cryptantha Lehm. ex G. Don","AZ-CA-NM-NV","Rare"
"hoplitis seminigra","","Cryptantha Lehm. ex G. Don","CA","Rare"
"hoplitis semirubra","","Cryptantha Lehm. ex G. Don","CA","Uncommon-Rare"
"hoplitis tristis","","Cryptantha Lehm. ex G. Don","CA","Rare"
"hoplitis xerophila","","Cryptantha Lehm. ex G. Don","AZ-CA-NV-UT","Rare"
"hylaeus basalis","Rosaceae","Rosaceae: Potentilla L.","CT-MA-ME-NH-NY-VT","Rare"
"lasioglossum aberrans","","Oenothera L.","AZ-CA-CO-ID-MT-NM-NV-OR-UT-WA-WY","Uncommon-Rare"
"lasioglossum antiochense","","Oenothera L.","CA","Rare"
"lasioglossum lusorium","","Oenothera L.","AZ-CA-CO-ID-MT-NM-NV-OR-UT-WA-WY","Uncommon-Rare"
"lasioglossum lustrans","","Eurybia (Cass.) Cass. , Pyrrhopappus DC.","NM","Rare"
"lasioglossum noctivaga","","Oenothera L.","AZ-CO-NM-UT","Rare"
"lasioglossum potosi","","Oenothera L.","AZ","Rare"
"lasioglossum texanum","","Oenothera L.","AZ-CO-MT-WY","Rare"
"lithurgopsis apicalis","Cactaceae","Cactaceae : Cylindropuntia (Engelm.) Kreuzinger , Echinocactus Link & Otto , Ferocactus Britton & Rose , Opuntia Mill.","AZ-CA-CO-NM-NV-UT-WY","Uncommon-Rare"
"lithurgopsis echinocacti","Cactaceae","Cactaceae : Cylindropuntia (Engelm.) Kreuzinger , Echinocactus Link & Otto , Ferocactus Britton & Rose , Opuntia Mill.","AZ-CA-NM","Rare"
"lithurgopsis listrota","Cactaceae","Cactaceae : Cylindropuntia (Engelm.) Kreuzinger , Echinocactus Link & Otto , Ferocactus Britton & Rose , Opuntia Mill.","CA","Rare"
"lithurgopsis littoralis","Cactaceae","Cactaceae : Cylindropuntia (Engelm.) Kreuzinger , Echinocactus Link & Otto , Ferocactus Britton & Rose , Opuntia Mill.","NM","Rare"
"lithurgopsis planifrons","Cactaceae","Cactaceae : Cylindropuntia (Engelm.) Kreuzinger , Echinocactus Link & Otto , Ferocactus Britton & Rose , Opuntia Mill.","AZ","Rare"
"macropis nuda","","Lysimachia L.","CO-ID-MT-UT-WY","Uncommon-Rare"
"macrotera arcuata","","Sphaeralcea A. St.-Hil.","AZ-CA-NV-UT","Uncommon"
"macrotera azteca","","Opuntia Mill.","AZ","Rare"
"macrotera haplura","","Sphaeralcea A. St.-Hil.","AZ-NM-UT","Rare"
"macrotera latior","Malvaceae","Malvaceae : Sphaeralcea A. St.-Hil.","AZ-NM-NV-OR-UT","Uncommon"
"macrotera magniceps","Malvaceae","Malvaceae : Sphaeralcea A. St.-Hil.","AZ-NM","Rare"
"macrotera mellea","Euphorbiaceae","Euphorbiaceae : Chamaesyce Gray , Euphorbia L.","AZ-CA-NM-NV","Uncommon-Rare"
"macrotera opuntiae","","Opuntia Mill.","CO-WY","Rare"
"macrotera portalis","","Sphaeralcea A. St.-Hil.","AZ-NM","Uncommon-Rare"
"macrotera texana","","Opuntia Mill.","NM","Rare"
"megachile agustini","Asteraceae","Asteraceae : Cirsium Mill. , Helianthus L. , Heliomeris Nutt. , Verbesina L.","AZ-CA-CO-NM-UT","Uncommon-Rare"
"megachile alata","Asteraceae","Asteraceae : Bahia Lag. , Bebbia (Benth.) Greene , Encelia Adans. , Helianthus L.","AZ-CA-NV","Rare"
"megachile campanulae","","Campanula L. , Campanulastrum Small","CO-MT","Rare"
"megachile chilopsidis","Fabaceae","Fabaceae : Olneya A. Gray , Parkinsonia L. , Prosopis L. , Psorothamnus Rydb.","AZ-CA-CO-NM-NV","Uncommon-Rare"
"megachile davidsoni","","Ehrendorferia Fukuhara & Lidén","CA","Uncommon-Rare"
"megachile fidelis","Asteraceae","Asteraceae : Chrysothamnus Nutt. , Cirsium Mill. , Coreopsis L. , Encelia Adans. , Ericameria Nutt. , Erigeron L. , Grindelia Willd. , Gutierrezia Lag. , Haplopappus Cass. , Helenium L. , Helianthus L. , Hemizonia DC. , Heterotheca Cass. , Holocarpha Greene , Machaeranthera Nees , Madia Molina , Plectocephalus D.Don , Rudbeckia L. , Senecio L. , Solidago L. , Symphyotrichum Nees , Verbesina L. , Viguiera Kunth","AZ-CA-CO-ID-MT-NM-NV-OR-UT-WA-WY","Uncommon"
"megachile fortis","","Helianthus L.","AZ-CO-NM-NV-WY","Rare"
"megachile frugalis","Asteraceae","Asteraceae ; Fabaceae","AZ-CA-NM-NV-UT","Uncommon"
"megachile gravita","","Clarkia Pursh","CA-OR-WA","Uncommon-Rare"
"megachile inimica","Asteraceae","Asteraceae : Encelia Adans. , Helianthus L.","AZ-CA-CO-ID-MT-NM-UT-WY","Uncommon-Rare"
"megachile lapponica","","Chamaenerion Ség.","CO-ID-MT-OR-UT-WA-WY","Rare"
"megachile lobatifrons","Fabaceae","Fabaceae : Olneya A. Gray , Parkinsonia L. , Prosopis L. , Psorothamnus Rydb.","AZ-CA-NM-NV-UT","Rare"
"megachile manifesta","Asteraceae","Asteraceae : Chrysothamnus Nutt. , Ericameria Nutt. , Erigeron L. , Grindelia Willd. , Helianthus L. , Heliomeris Nutt. , Senecio L. , Xanthisma DC.","AZ-CA-CO-MT-NM-OR-UT-WY","Rare"
"megachile melanophaea","Fabaceae","Fabaceae : Astragalus L. , Hedysarum L. , Lotus L. , Lupinus L.","AZ-CA-CO-ID-MT-NM-NV-OR-UT-WA-WY","Uncommon"
"megachile mellitarsis","Asteraceae","Asteraceae : Chrysothamnus Nutt. , Cirsium Mill. , Encelia Adans. , Grindelia Willd. , Pluchea Cass. , Senecio L.","AZ-CA-CO-NM-NV-OR-UT-WA-WY","Rare"
"megachile nevadensis","Asteraceae","Asteraceae : Chrysothamnus Nutt. , Cirsium Mill. , Ericameria Nutt. , Grindelia Willd. , Gutierrezia Lag. , Helianthus L. , Isocoma Nutt. , Senecio L. , Solidago L. , Symphyotrichum Nees","AZ-CA-CO-ID-MT-NM-NV-OR-UT-WA-WY","Uncommon-Rare"
"megachile newberryae","Fabaceae","Fabaceae : Dalea L. , Parkinsonia L. , Prosopis L. , Vachellia Wight & Arn.","AZ-CA-CO-NM-NV-UT","Uncommon"
"megachile occidentalis","Fabaceae","Fabaceae : Lotus L.","AZ-CA-UT","Rare"
"megachile odontostoma","Fabaceae","Fabaceae : Parkinsonia L. , Prosopis L.","AZ-CA-CO-NM-NV-UT-WA","Uncommon-Rare"
"megachile parallela","Asteraceae","Asteraceae : Baccharis L. , Bebbia (Benth.) Greene , Chrysothamnus Nutt. , Coreopsis L. , Corethrogyne DC. , Deinandra Greene , Echinacea Moench , Ericameria Nutt. , Gaillardia Foug. , Grindelia Willd. , Gutierrezia Lag. , Haplopappus Cass. , Helenium L. , Helianthus L. , Hemizonia DC. , Heterotheca Cass. , Hymenothrix A. Gray , Malacothrix DC. , Palafoxia Lag. , Plectocephalus D.Don , Pyrrocoma Hook. , Rudbeckia L. , Senecio L. , Solidago L. , Stephanomeria Nutt. , Tetraneuris Greene , Verbesina L. , Wyethia Nutt.","AZ-CA-CO-ID-MT-NM-NV-OR-UT-WA-WY","Common-Uncommon"
"megachile pascoensis","","Clarkia Pursh","CA-ID-MT-OR-WA","Uncommon-Rare"
"megachile perihirta","Asteraceae","Asteraceae , Fabaceae","AZ-CA-CO-ID-MT-NM-NV-OR-UT-WA-WY","Common-Uncommon"
"megachile pugnata","Asteraceae","Asteraceae : Cirsium Mill.","AZ-CA-CO-ID-MT-NM-NV-OR-UT-WA-WY","Common"
"megachile rossi","Asteraceae","Asteraceae : Encelia Adans. , Helianthus L. , Pluchea Cass. , Verbesina L.","AZ-CA-NM-NV-UT","Uncommon-Rare"
"megachile soledadensis","Asteraceae","Asteraceae : Baileya Harv. & A. Gray ex A. Gray , Bebbia (Benth.) Greene , Chrysothamnus Nutt. , Heliomeris Nutt. , Helianthus L. , Heterotheca Cass. , Machaeranthera Nees , Pectis L. , Verbesina L.","AZ-CA-NM-NV","Rare"
"megachile subexilis","Fabaceae","Fabaceae : Lotus L. , Lupinus L.","AZ-CA-CO-NM-NV-UT","Uncommon-Rare"
"megachile subnigra","Asteraceae","Asteraceae : Achillea L. , Bebbia (Benth.) Greene , Chaenactis DC. , Cirsium Mill. , Coreopsis L. , Encelia Adans. , Ericameria Nutt. , Eriophyllum Lag. , Layia Hook. & Arn. ex DC. , Senecio L.","AZ-CA-CO-ID-MT-NV-OR-UT-WA-WY","Uncommon-Rare"
"megachile townsendiana","Asteraceae","Asteraceae : Baccharis L. , Baileya Harv. & A. Gray ex A. Gray , Chrysothamnus Nutt. , Encelia Adans. , Haplopappus Cass. , Heterotheca Cass. , Hymenopappus L'Hér. , Isocoma Nutt. , Pectis L. , Verbesina L.","AZ-CA-CO-NM-NV-UT","Uncommon-Rare"
"megachile umatillensis","","Oenothera L.","AZ-CA-CO-NM-OR-WA","Rare"
"megachile wheeleri","Asteraceae","Asteraceae : Achillea L. , Chrysothamnus Nutt. , Cirsium Mill. , Ericameria Nutt. , Erigeron L. , Grindelia Willd. , Machaeranthera Nees ,","AZ-CA-CO-ID-MT-NV-OR-UT-WA-WY","Uncommon-Rare"
"megandrena enceliae","","Larrea Cav.","AZ-CA-NV","Common-Uncommon"
"megandrena mentzeliae","Loasaceae","Loasaceae : Eucnide Zucc. , Mentzelia L.","AZ-NV","Rare"
"melissodes agilis","Asteraceae","Asteraceae : Cirsium Mill. , Grindelia Willd. , Helianthus L. , Ratibida Raf. , Rudbeckia L. , Simsia Pers. , Solidago L. , Verbesina L.","AZ-CA-CO-ID-MT-NM-NV-OR-UT-WA-WY","Common"
"melissodes appressa","Asteraceae","Asteraceae : Baileya Harv. & A. Gray ex A. Gray , Dyssodia Cav. , Gutierrezia Lag. , Helianthus L. , Heterotheca Cass. , Isocoma Nutt. , Verbesina L.","CA-NM-UT","Rare"
"melissodes bicolorata","Asteraceae","Asteraceae : Chrysothamnus Nutt. , Gutierrezia Lag. , Machaeranthera Nees , Tetradymia DC. , Stephanomeria Nutt.","CA-CO-UT","Rare"
"melissodes bimatris","Asteraceae","Asteraceae : Chrysothamnus Nutt. , Cirsium Mill. , Ericameria Nutt. , Grindelia Willd. , Gutierrezia Lag. , Helianthus L. , Isocoma Nutt. , Machaeranthera Nees , Symphyotrichum Nees , Verbesina L.","AZ-CA-CO-ID-MT-NM-NV-OR-UT-WA-WY","Uncommon"
"melissodes brevipyga","Asteraceae","Asteraceae : Baccharis L. , Chrysothamnus Nutt. , Machaeranthera Nees , Pectis L.","AZ-CA-ID-NM-NV-UT","Uncommon-Rare"
"melissodes clarkiae","","Clarkia Pursh","CA-OR","Rare"
"melissodes coloradensis","Asteraceae","Asteraceae : Cirsium Mill. , Coreopsis L. , Helianthus L. , Heliopsis Pers. , Liatris Gaertn. ex Schreb. , Machaeranthera Nees , Rudbeckia L. , Silphium L. , Solidago L. , Vernonia Schreb.","AZ-CA-CO-NM-UT-WY","Rare"
"melissodes compositus","Asteraceae","Asteraceae : Ericameria Nutt. , Grindelia Willd. , Helianthus L. , Heterotheca Cass. , Machaeranthera Nees","AZ-CA-CO-ID-MT-NM-WY","Rare"
"melissodes confusus","Asteraceae","Asteraceae : Bidens L. , Chrysothamnus Nutt. , Cirsium Mill. , Cosmos Cav. , Erigeron L. , Grindelia Willd. , Gutierrezia Lag. , Helianthus L. , Heliomeris Nutt. , Heliopsis Pers. , Heterotheca Cass. , Hymenoxys Cass. , Pericome A. Gray , Pyrrocoma Hook. , Rudbeckia L. , Senecio L. , Simsia Pers. , Symphyotrichum Nees","AZ-CA-CO-NM-NV-UT","Rare"
"melissodes coreopsis","Asteraceae","Asteraceae : Cirsium Mill. , Coreopsis L. , Echinacea Moench , Erigeron L. , Gaillardia Foug. , Grindelia Willd. , Gutierrezia Lag. , Helianthus L. , Heterotheca Cass. , Machaeranthera Nees , Ratibida Raf. , Solidago L. , Symphyotrichum Nees , Verbesina L.","AZ-CO-MT-NM-NV-UT-WY","Common"
"melissodes desponsa","Asteraceae","Asteraceae : Cirsium Mill.","CA-ID","Rare"
"melissodes druriella","Asteraceae","Asteraceae : Eurybia (Cass.) Cass. , Euthamia Nutt. ex Cass. , Helianthus L. , Rudbeckia L. , Symphyotrichum Nees , Verbesina L. , Vernonia Schreb.","AZ-CO-MT-NM-UT-WY","Uncommon"
"melissodes fasciatella","Asteraceae","Asteraceae : Chrysothamnus Nutt. , Grindelia Willd. , Gutierrezia Lag. , Haplopappus Cass. , Heterotheca Cass. , Isocoma Nutt. , Machaeranthera Nees , Symphyotrichum Nees , Viguiera Kunth","AZ-NM-UT","Rare"
"melissodes gelida","Asteraceae","Asteraceae : Helianthus L.","CO-MT-NM-WY","Rare"
"melissodes glenwoodensis","Asteraceae","Asteraceae : Chrysothamnus Nutt. , Ericameria Nutt. , Grindelia Willd. , Helianthus L. , Machaeranthera Nees , Senecio L. , Symphyotrichum Nees , Verbesina L.","AZ-CA-CO-ID-MT-NM-NV-OR-UT-WA-WY","Uncommon-Rare"
"melissodes grindeliae","Asteraceae","Asteraceae : Coreopsis L. , Erigeron L. , Grindelia Willd. , Heterotheca Cass. , Hymenoxys Cass. , Petradoria Greene , Ratibida Raf. , Senecio L.","AZ-CA-CO-ID-NM-NV-UT-WA-WY","Common-Uncommon"
"melissodes humilior","Asteraceae","Asteraceae : Baileya Harv. & A. Gray ex A. Gray , Gutierrezia Lag. , Helenium L. , Helianthus L. , Heterotheca Cass. , Isocoma Nutt. , Machaeranthera Nees , Senecio L. , Viguiera Kunth","AZ-NM-UT","Uncommon-Rare"
"melissodes hurdi","Asteraceae","Asteraceae : Solidago L.","CA","Rare"
"melissodes hymenoxidis","Asteraceae","Asteraceae : Agoseris Raf. , Chrysothamnus Nutt. , Erigeron L. , Eurybia (Cass.) Cass. , Gaillardia Foug. , Grindelia Willd. , Heliomeris Nutt. , Heterotheca Cass. , Pyrrocoma Hook. , Symphyotrichum Nees","CA-CO-MT-UT-WY","Uncommon-Rare"
"melissodes illata","Asteraceae","Asteraceae : Baccharis L. , Bidens L. , Cirsium Mill. , Coreopsis L. , Cosmos Cav. , Erigeron L. , Gaillardia Foug. , Grindelia Willd. , Haplopappus Cass. , Helenium L. , Helianthus L. , Heliopsis Pers. , Hieracium L. , Plectocephalus D.Don , Ratibida Raf. , Rudbeckia L. , Silphium L. , Verbesina L. , Vernonia Schreb. , Xanthisma DC.","UT","Rare"
"melissodes limbus","Asteraceae","Asteraceae : Baileya Harv. & A. Gray ex A. Gray , Flaveria Juss. , Gutierrezia Lag. , Helianthus L. , Heterotheca Cass. , Hymenoxys Cass. , Pectis L. , Solidago L. , Symphyotrichum Nees , Verbesina L. , Xanthisma DC.","AZ-CA-NM-NV-UT","Common-Uncommon"
"melissodes lupina","Asteraceae","Asteraceae : Bidens L. , Centromadia Greene , Cirsium Mill. , Encelia Adans. , Ericameria Nutt. , Erigeron L. , Grindelia Willd. , Helianthus L. , Hemizonia DC. , Heterotheca Cass. , Holocarpha Greene , Plectocephalus D.Don , Solidago L. , Stephanomeria Nutt. , Symphyotrichum Nees","AZ-CA-CO-ID-OR-UT-WA","Uncommon-Rare"
"melissodes lustra","Asteraceae","Asteraceae : Chrysothamnus Nutt. , Ericameria Nutt. , Grindelia Willd. , Isocoma Nutt. , Symphyotrichum Nees","CA-NM-OR-UT","Rare"
"melissodes lutulenta","Asteraceae","Asteraceae : Chrysothamnus Nutt. , Grindelia Willd. , Gutierrezia Lag. , Heterotheca Cass.","AZ-CA-CO-ID-NM-NV-OR-UT-WY","Uncommon"
"melissodes menuachus","Asteraceae","Asteraceae : Grindelia Willd. , Erigeron L. , Helianthus L. , Heterotheca Cass. , Isocoma Nutt. , Machaeranthera Nees , Solidago L. , Symphyotrichum Nees , Verbesina L. , Viguiera Kunth","AZ-CA-CO-ID-MT-NM-NV-OR-UT-WA-WY","Uncommon"
"melissodes micheneri","Asteraceae","Asteraceae : Heterotheca Cass.","CA","Rare"
"melissodes microsticta","Asteraceae","Asteraceae : Achillea L. , Anaphalis DC. , Antennaria Gaertn. , Chrysothamnus Nutt. , Cirsium Mill. , Ericameria Nutt. , Erigeron L. , Grindelia Willd. , Hazardia Greene , Helenium L. , Helianthus L. , Heterotheca Cass. , Plectocephalus D.Don , Rudbeckia L. , Senecio L. , Solidago L. , Symphyotrichum Nees","CA-CO-ID-MT-NV-OR-UT-WA-WY","Uncommon"
"melissodes monoensis","Asteraceae","Asteraceae : Chrysothamnus Nutt.","CA-NM","Rare"
"melissodes montanus","Asteraceae","Asteraceae : Bidens L. , Chrysothamnus Nutt. , Coreopsis L. , Erigeron L. , Gymnosperma Less. , Haplopappus Cass. , Heliomeris Nutt. , Heliopsis Pers. , Machaeranthera Nees , Porophyllum Adans. , Simsia Pers. , Verbesina L. , Viguiera Kunth , Xanthocephalum Willd","AZ-CO-NM-NV-UT","Uncommon"
"melissodes moorei","Asteraceae","Asteraceae : Encelia Adans. , Hemizonia DC. , Heterotheca Cass.","CA","Rare"
"melissodes nigracauda","Asteraceae","Asteraceae : Stephanomeria Nutt.","CA","Rare"
"melissodes pallidisignata","Asteraceae","Asteraceae : Coreopsis L. , Engelmannia A. Gray ex Nutt. , Ericameria Nutt. , Erigeron L. , Grindelia Willd. , Gutierrezia Lag. , Machaeranthera Nees , Plectocephalus D.Don , Senecio L. , Solidago L. , Symphyotrichum Nees","AZ-CA-CO-ID-OR-NM-MT-UT-WA-WY","Rare"
"melissodes paulula","Asteraceae","Asteraceae : Baccharis L. , Ericameria Nutt. , Euthamia Nutt. ex Cass. , Isocoma Nutt.","CA-WA","Rare"
"melissodes perlusa","Asteraceae","Asteraceae : Grindelia Willd. , Helianthus L. , Ratibida Raf.","AZ-CO-NM-UT-WY","Uncommon-Rare"
"melissodes perpolita","Asteraceae","Asteraceae : Chrysothamnus Nutt. , Grindelia Willd. , Gutierrezia Lag.","CO-NM-UT","Rare"
"melissodes personatella","Asteraceae","Asteraceae : Gutierrezia Lag.","CA","Rare"
"melissodes pilleata","Asteraceae","Asteraceae : Haplopappus Cass. , Symphyotrichum Nees","AZ","Rare"
"melissodes plumosa","Asteraceae","Asteraceae : Adenophyllum Pers. , Grindelia Willd. , Helianthus L. , Machaeranthera Nees , Plectocephalus D.Don","CA-ID-OR-WA","Rare"
"melissodes pullatella","Asteraceae","Asteraceae : Grindelia Willd.","OR","Rare"
"melissodes rivalis","Asteraceae","Asteraceae : Brickellia Elliott , Cirsium Mill. , Helianthus L. , Plectocephalus D.Don","AZ-CA-CO-ID-MT-NM-NV-OR-UT-WA-WY","Common"
"melissodes robustior","Asteraceae","Asteraceae : Coreopsis L. , Grindelia Willd. , Helianthus L. , Hemizonia DC. , Heterotheca Cass.","CA-ID-NV-OR-UT-WA","Uncommon"
"melissodes rufipes","Asteraceae","Asteraceae : Hymenoxys Cass. , Rayjacksonia R.L. Hartm. & M.A. Lane","AZ","Rare"
"melissodes saponellus","Asteraceae","Asteraceae : Erigeron L. , Machaeranthera Nees , Symphyotrichum Nees","AZ-CA-CO-ID-UT","Uncommon"
"melissodes semilupina","Asteraceae","Asteraceae : Chrysothamnus Nutt. , Ericameria Nutt. , Gutierrezia Lag. , Helianthus L. , Machaeranthera Nees , Senecio L. , Symphyotrichum Nees","CA-CO-NM-OR-UT","Rare"
"melissodes snowii","Asteraceae","Asteraceae : Baileya Harv. & A. Gray ex A. Gray , Chrysothamnus Nutt. , Ericameria Nutt. , Gaillardia Foug. , Grindelia Willd. , Gutierrezia Lag. , Helianthus L. , Heterotheca Cass. , Isocoma Nutt. , Machaeranthera Nees , Senecio L. , Stephanomeria Nutt. , Symphyotrichum Nees , Xanthisma DC.","CO-NM-UT-WY","Rare"
"melissodes subagilis","Asteraceae","Asteraceae : Chrysothamnus Nutt. , Grindelia Willd. , Helianthus L. , Heterotheca Cass. , Isocoma Nutt. , Machaeranthera Nees , Pectis L. , Symphyotrichum Nees","AZ-CA-ID-NM-NV-OR-UT-WA-WY","Uncommon"
"melissodes submenuacha","Asteraceae","Asteraceae : Chrysothamnus Nutt. , Encelia Adans. , Ericameria Nutt. , Helianthus L. , Heliopsis Pers. , Verbesina L.","AZ-CA-CO-NM-NV-UT","Uncommon-Rare"
"melissodes trinodis","Asteraceae","Asteraceae : Coreopsis L. , Grindelia Willd. , Helianthus L. , Heliopsis Pers. , Ratibida Raf. , Rudbeckia L. , Solidago L. , Symphyotrichum Nees","CO-ID-NM","Rare"
"melissodes tristis","Asteraceae","Asteraceae : Baccharis L. , Baileya Harv. & A. Gray ex A. Gray , Chaetopappa DC. , Chrysothamnus Nutt. , Cirsium Mill. , Encelia Adans. , Ericameria Nutt. , Erigeron L. , Gaillardia Foug. , Geraea Torr. & A. Gray , Gutierrezia Lag. , Helianthus L. , Heliopsis Pers. , Heterotheca Cass. , Hymenoxys Cass. , Isocoma Nutt. , Machaeranthera Nees , Senecio L. , Thelesperma Less. , Verbesina L.","AZ-CA-CO-NM-NV-OR-UT-WY","Common"
"melissodes utahensis","Asteraceae","Asteraceae : Chrysothamnus Nutt. , Ericameria Nutt. , Grindelia Willd. , Gutierrezia Lag. , Helianthus L. , Machaeranthera Nees , Solidago L. , Symphyotrichum Nees , Verbesina L.","AZ-CA-CO-ID-NM-NV-OR-UT","Uncommon-Rare"
"melissodes velutinus","Polemoniaceae","Polemoniaceae : Eriastrum Wooton & Standl.","CA","Rare"
"melissodes verbesinarum","Asteraceae","Asteraceae : Baileya Harv. & A. Gray ex A. Gray , Chaetopappa DC. , Chrysothamnus Nutt. , Dyssodia Cav. , Encelia Adans. , Grindelia Willd. , Gutierrezia Lag. , Helenium L. , Helianthus L. , Heterotheca Cass. , Hymenoxys Cass. , Isocoma Nutt. , Machaeranthera Nees , Pectis L. , Symphyotrichum Nees , Verbesina L. , Xanthisma DC.","AZ-CA-CO-NM-NV-UT-WA","Uncommon-Rare"
"melissodes vernalis","Asteraceae","Asteraceae : Baileya Harv. & A. Gray ex A. Gray , Encelia Adans. , Helianthus L. , Orochaenactis Coville , Psilostrophe DC. , Stephanomeria Nutt.","AZ-CA-NV-UT-WY","Uncommon-Rare"
"melissodes vernoniae","Asteraceae","Asteraceae : Bidens L. , Gaillardia Foug. , Grindelia Willd. , Helianthus L. , Heliopsis Pers. , Lactuca L. , Liatris Gaertn. ex Schreb. , Rudbeckia L. , Silphium L. , Vernonia Schreb.","CO-ID-NM-WY","Rare"
"melissodes wheeleri","Asteraceae","Asteraceae : Baileya Harv. & A. Gray ex A. Gray , Coreopsis L. , Echinacea Moench , Engelmannia A. Gray ex Nutt. , Gaillardia Foug. , Grindelia Willd. , Helianthus L. , Pectis L. , Ratibida Raf. , Rudbeckia L. , Silphium L. , Verbesina L.","AZ-CO-ID-NM","Rare"
"melitoma grisella","","Ipomoea L.","CO-NM","Rare"
"melitta californica","","Sphaeralcea A. St.-Hil.","AZ-CA-NM","Rare"
"micralictoides ruficaudus","","Eschscholzia Cham.","CA","Rare"
"nomia universitatis","Fabaceae","Fabaceae : Astragalus L. , Ladeania A. N. Egan & Reveal. , Pediomelum Rydb.","CO-NM","Rare"
"osmia calcarata","","Penstemon Schmidel","AZ-CA-CO-ID-MT-NM-NV-OR-UT-WA-WY","Uncommon-Rare"
"osmia californica","Asteraceae","Asteraceae : Balsamorhiza Nutt. , Chaenactis DC. , Cirsium Mill. , Ericameria Nutt. , Heliomeris Nutt. , Heterotheca Cass. , Layia Hook. & Arn. ex DC. , Senecio L. , Wyethia Nutt.","CA-CO-ID-MT-NV-OR-UT-WA-WY","Common-Uncommon"
"osmia chalybea","","Cirsium Mill.","UT","Rare"
"osmia coloradensis","Asteraceae","Asteraceae : Chaenactis DC. , Cirsium Mill. , Coreopsis L. , Encelia Adans. , Erigeron L. , Senecio L.","AZ-CA-CO-ID-MT-NM-NV-OR-UT-WA-WY","Common-Uncommon"
"osmia cyaneonitens","","Penstemon Schmidel","CO-MT-NV-UT","Rare"
"osmia dakotensis","Fabaceae","Fabaceae : Astragalus L. , Hedysarum L.","CA-CO-ID-MT-NM-UT-WY","Rare"
"osmia grinnelli","Asteraceae","Asteraceae : Chaenactis DC. , Coreopsis L. , Encelia Adans. , Ericameria Nutt. , Hulsea Torr. & A. Gray","CA-CO-ID-NV-OR-UT","Uncommon-Rare"
"osmia integra","Fabaceae","Fabaceae : Astragalus L. , Lotus L. , Lupinus L. , Thermopsis R. Br.","AZ-CA-CO-ID-MT-NM-NV-OR-UT-WA-WY","Uncommon-Rare"
"osmia latisulcata","Fabaceae","Fabaceae : Astragalus L. , Lotus L. , Lupinus L.","AZ-CA-CO-NM-NV-UT","Uncommon-Rare"
"osmia liogastra","Fabaceae","Fabaceae : Astragalus L. , Lotus L. , Lupinus L.","AZ-CA-NM-NV-UT","Uncommon-Rare"
"osmia longula","Fabaceae","Fabaceae : Astragalus L. , Hedysarum L. , Lupinus L.","CA-CO-ID-MT-NV-OR-UT-WA-WY","Uncommon-Rare"
"osmia lupinicola","Fabaceae","Fabaceae : Lotus L.","CA","Rare"
"osmia marginipennis","Asteraceae","Asteraceae : Balsamorhiza Nutt. , Chaenactis DC. , Layia Hook. & Arn. ex DC.","CA-CO-ID-MT-NV-OR-UT-WA-WY","Rare"
"osmia montana","Asteraceae","Asteraceae : Agoseris Raf. , Chaenactis DC. , Cirsium Mill. , Encelia Adans. , Ericameria Nutt. , Erigeron L. , Eriophyllum Lag. , Grindelia Willd. , Helianthella Torr. & A. Gray , Hulsea Torr. & A. Gray , Layia Hook. & Arn. ex DC. , Senecio L. , Wyethia Nutt.","AZ-CA-CO-ID-MT-NM-NV-OR-UT-WA-WY","Common-Uncommon"
"osmia nifoata","Fabaceae","Fabaceae : Astragalus L. , Hedysarum L. , Lotus L. , Lupinus L. , Trifolium L.","CA-CO-ID-MT-NM-NV-OR-UT-WA-WY","Uncommon-Rare"
"osmia nigrifrons","Fabaceae","Fabaceae : Astragalus L. , Lupinus L. , Trifolium L.","AZ-CA-CO-ID-MT-NM-NV-OR-UT-WA-WY","Uncommon-Rare"
"osmia nigrobarbata","Fabaceae","Fabaceae : Astragalus L. , Lotus L. , Lupinus L.","AZ-CA-CO-ID-NM-NV-OR-UT-WA","Uncommon-Rare"
"osmia obliqua","Fabaceae","Fabaceae : Astragalus L. , Lotus L. , Trifolium L.","AZ-CA-ID-NV-OR-UT","Rare"
"osmia physariae","Fabaceae","Fabaceae : Astragalus L. , Lotus L. , Trifolium L.","CA-CO-ID-NV-OR-UT-WA-WY","Uncommon-Rare"
"osmia regulina","Fabaceae","Fabaceae : Astragalus L. , Trifolium L.","CA-NV-OR-WA","Uncommon-Rare"
"osmia ribifloris","Ericaceae","Ericaceae : Arctostaphylos Adans.","AZ-CA-CO-ID-NM-NV-OR-UT-WA-WY","Uncommon-Rare"
"osmia sanctaerosae","Fabaceae","Fabaceae : Lotus L. , Lupinus L.","CA-ID-UT","Rare"
"osmia subaustralis","Asteraceae","Asteraceae : Chaenactis DC. , Cirsium Mill. , Encelia Adans. , Erigeron L. , Grindelia Willd. , Helianthus L. , Heliomeris Nutt. , Senecio L. , Wyethia Nutt.","AZ-CA-CO-ID-MT-NM-NV-OR-UT-WA-WY","Uncommon-Rare"
"osmia texana","","Cirsium Mill.","AZ-CA-CO-ID-MT-NM-NV-OR-UT-WA-WY","Uncommon-Rare"
"osmia titusi","Fabaceae","Fabaceae : Astragalus L. , Dalea L. , Lotus L. , Lupinus L.","AZ-CA-NM-NV-UT","Uncommon-Rare"
"osmia trifoliama","Fabaceae","Fabaceae : Trifolium L.","CA-ID-OR-WA","Rare"
"panurginus cressoniellus","","Potentilla L.","AZ-CO-NM-NV-UT-WY","Uncommon-Rare"
"panurginus ineptus","","Fragaria L. , Potentilla L.","CO-ID-NV-OR-UT-WA-WY","Uncommon-Rare"
"panurginus melanocephalus","","Ranunculus L.","CA","Rare"
"panurginus nigrihirtus","","Ranunculus L.","CA-CO","Rare"
"panurginus occidentalis","","Limnanthes R. Br.","CA","Rare"
"panurginus potentillae","","Fragaria L. , Potentilla L.","CO","Rare"
"paranthidium jugatorium","Asteraceae","Asteraceae : Erigeron L. , Grindelia Willd. , Haplopappus Cass. , Helianthus L. , Heterotheca Cass. , Rudbeckia L. , Silphium L. , Verbesina L. , Viguiera Kunth","AZ-CA-CO-NM-UT","Uncommon-Rare"
"peponapis michelbacherorum","","Cucurbita L. , Ipomoea L.","AZ","Rare"
"peponapis pruinosa","","Cucurbita L.","AZ-CA-CO-ID-NM-NV-OR-UT","Common"
"peponapis timberlakei","","Cucurbita L.","AZ-CA-NM","Rare"
"peponapis utahensis","","Cucurbita L.","AZ-NM","Rare"
"perdita abdominalis","Asteraceae","Asteraceae : Pectis L.","AZ-CA-NV","Uncommon-Rare"
"perdita adjuncta","Asteraceae","Asteraceae : Chrysothamnus Nutt. , Ericameria Nutt.","AZ-CA-NV-OR-UT","Rare"
"perdita adustiventris","","Mentzelia L.","CA","Rare"
"perdita aemula","Asteraceae","Asteraceae : Chrysothamnus Nutt. , Ericameria Nutt. ; Eriogonum Michx.","CA-OR-UT-WY","Rare"
"perdita affinis","Asteraceae","Asteraceae : Chrysothamnus Nutt. , Grindelia Willd. , Senecio L. , Xanthisma DC.","AZ-CO-NM-UT-WY","Uncommon"
"perdita albihirta","Asteraceae","Asteraceae : Acamptopappus (A. Gray) A. Gray , Baileya Harv. & A. Gray ex A. Gray , Chaenactis DC. , Encelia Adans. , Geraea Torr. & A. Gray","AZ-CA-NM-NV","Uncommon-Rare"
"perdita albipennis","Asteraceae","Asteraceae : Chrysothamnus Nutt. , Grindelia Willd. , Helianthus L. , Heterotheca Cass. , Rudbeckia L. , Symphyotrichum Nees , Verbesina L.","AZ-CO-ID-MT-NM-NV-UT-WA-WY","Common-Uncommon"
"perdita albonotata","Asteraceae","Asteraceae : Stephanomeria Nutt.","AZ-CA-ID-NM-NV-UT","Common-Uncommon"
"perdita albovittata","Asteraceae","Asteraceae : Bahia Lag. , Baileya Harv. & A. Gray ex A. Gray , Gutierrezia Lag. , Heterotheca Cass. , Hymenothrix A. Gray , Isocoma Nutt. , Machaeranthera Nees , Pectis L. , Psilostrophe DC. , Verbesina L. , Xanthisma DC.","AZ-CA-NM-NV","Common-Uncommon"
"perdita ampla","Asteraceae","Asteraceae : Chrysothamnus Nutt. , Ericameria Nutt.","NM","Rare"
"perdita apacheorum","Asteraceae","Asteraceae : Grindelia Willd. , Gutierrezia Lag. , Heterotheca Cass.","AZ-CA-NM-NV-WY","Rare"
"perdita aperta","","Gutierrezia Lag.","AZ-NM","Rare"
"perdita aplopappi","Asteraceae","Asteraceae : Gutierrezia Lag. , Xanthisma DC.","AZ-UT","Rare"
"perdita arenaria","","Tiquilia Pers.","AZ-CA-NV","Rare"
"perdita argemones","","Argemone L.","AZ-UT","Rare"
"perdita aridella","Asteraceae","Asteraceae : Chrysothamnus Nutt. , Grindelia Willd. , Gutierrezia Lag. , Helianthus L.","AZ-CO-NM-NV-UT","Common-Uncommon"
"perdita ashmeadi","","Prosopis L.","AZ-CA-NM","Uncommon"
"perdita asteris","Asteraceae","Asteraceae : Baileya Harv. & A. Gray ex A. Gray , Heterotheca Cass. , Machaeranthera Nees","AZ-CO-NM-NV-UT","Uncommon-Rare"
"perdita atrata","","Mentzelia L.","CA","Rare"
"perdita aureovittata","Asteraceae","Asteraceae : Agoseris Raf. , Layia Hook. & Arn. ex DC. , Malacothrix DC.","CA","Rare"
"perdita austini","Asteraceae","Asteraceae : Gutierrezia Lag.","AZ-NM","Rare"
"perdita baccharidis","","Baccharis L.","AZ-CA","Rare"
"perdita beata","Asteraceae","Asteraceae : Bahia Lag. , Encelia Adans. , Gutierrezia Lag. , Verbesina L.","NM","Rare"
"perdita beatula","","Sphaeralcea A. St.-Hil.","AZ-CA-NV-UT","Uncommon-Rare"
"perdita bebbiae","","Bebbia (Benth.) Greene","CA","Rare"
"perdita bellula","","Tiquilia Pers.","AZ-CA-NV","Uncommon-Rare"
"perdita bequaerti","Asteraceae","Asteraceae : Bidens L. , Balduina Nutt. , Helianthus L. [ Physalis L. ?]","CA-NM","Rare"
"perdita bequaertiana","","Oenothera L.","AZ-CO-NM-UT","Rare"
"perdita bicuspidariae","","Mentzelia L.","CA","Rare"
"perdita biguttata","","Euphorbia L.","AZ","Rare"
"perdita bilobata","","Calochortus Pursh","AZ-CA","Rare"
"perdita binotata","","Physalis L.","AZ-CA","Rare"
"perdita bishoppi","","Heterotheca Cass.","AZ-CO-NM-UT","Rare"
"perdita bispinata","","Calochortus Pursh","CA-WY","Rare"
"perdita brevihirta","Asteraceae","Asteraceae : Ericameria Nutt. , Gutierrezia Lag. , Pectis L. , Stephanomeria Nutt.","AZ-NM-WY","Rare"
"perdita bridwelli","","Sphaeralcea A. St.-Hil.","AZ-CA","Rare"
"perdita bruneri","Asteraceae","Asteraceae : Grindelia Willd. , Helianthus L. , Heterotheca Cass. , Solidago L. , Symphyotrichum Nees","CO-MT-NM-UT-WY","Uncommon-Rare"
"perdita butleri","","Pectis L.","AZ-NV","Rare"
"perdita californica","","Calochortus Pursh","CA","Rare"
"perdita callicerata","Asteraceae","Asteraceae : Bahia Lag. , Baileya Harv. & A. Gray ex A. Gray , Gutierrezia Lag. , Heterotheca Cass. , Malacothrix DC. , Verbesina L.","AZ-CA-NM-NV-UT","Common-Uncommon"
"perdita calochorti","","Calochortus Pursh","CA","Rare"
"perdita cambarella","Asteraceae","Asteraceae : Croptilon Raf. , Heterotheca Cass.","NM","Rare"
"perdita celadona","","Camissonia Link , Oenothera L.","NV","Rare"
"perdita cephalotes","Asteraceae","Asteraceae : Chrysothamnus Nutt. , Ericameria Nutt. , Gutierrezia Lag.","AZ-CA-NV-UT","Rare"
"perdita chamaesarachae","","Chamaesaracha (A. Gray) Benth.","AZ-NM","Rare"
"perdita chloris","","Psorothamnus Rydb.","AZ-CA-NV-UT","Uncommon-Rare"
"perdita chrysophila","Asteraceae","Asteraceae : Thelesperma Less. , Verbesina L.","AZ-NM","Rare"
"perdita chrysothamni","Asteraceae","Asteraceae : Chrysothamnus Nutt. , Ericameria Nutt.","CA","Rare"
"perdita ciliata","Asteraceae","Asteraceae : Ericameria Nutt. , Euthamia Nutt. ex Cass. , Heterotheca Cass. , Senecio L. , Solidago L.","CA-ID-OR","Rare"
"perdita cladothricis","","Tidestromia Standl.","AZ-NM-NV","Common-Uncommon"
"perdita claypolei","","Eriogonum Michx.","CA-ID-OR-NV","Uncommon"
"perdita clypeata","","Eriogonum Michx.","AZ-CA-NV","Uncommon-Rare"
"perdita coalingensis","","Eschscholzia Cham.","CA","Rare"
"perdita coldeniae","","Tiquilia Pers.","AZ-CA-NV","Rare"
"perdita colei","Asteraceae","Asteraceae : Chrysothamnus Nutt. , Ericameria Nutt. , Gutierrezia Lag. , Lepidospartum (A. Gray) A. Gray , Solidago L.","CA","Rare"
"perdita compta","","Eriastrum Wooton & Standl.","CA-NV","Uncommon-Rare"
"perdita confusa","","Lepidium L.","AZ-NM-UT","Uncommon-Rare"
"perdita coreopsidis","Asteraceae","Asteraceae : Baileya Harv. & A. Gray ex A. Gray , Gaillardia Foug. , Heterotheca Cass.","AZ-CO-NM-UT","Uncommon-Rare"
"perdita covilleae","","Larrea Cav.","AZ-CA-NM-NV-UT","Common-Uncommon"
"perdita crandalli","","Petalonyx A. Gray","AZ","Rare"
"perdita crassula","","Euphorbia L.","AZ-NM","Rare"
"perdita croceipes","Asteraceae","Asteraceae : Gutierrezia Lag. , Isocoma Nutt. , Verbesina L.","AZ-NM-UT","Rare"
"perdita crotonis","","Croton L.","AZ-CA-CO-NM-NV-WY","Uncommon-Rare"
"perdita cruciferarum","Brassicaceae","Brassicaceae : Descurainia Webb & Bethel. , Lepidium L. , Lesquerella S. Watson , Physaria (Nutt. ex Torr. & A. Gray) A. Gray","NV","Rare"
"perdita cuspidata","","Nama L.","CA-NV","Rare"
"perdita dalyi","","Helianthus L.","NM","Rare"
"perdita dammersi","Asteraceae","Asteraceae : Chaenactis DC. , Malacothrix DC.","CA-NV","Rare"
"perdita dentata","","Phacelia Juss.","CA","Rare"
"perdita depressa","","Cleome L.","AZ-UT","Rare"
"perdita desdemona","","Tiquilia Pers.","CA","Rare"
"perdita dicksoni","Asteraceae","Asteraceae : Chrysothamnus Nutt. , Ericameria Nutt.","CA-NV","Rare"
"perdita difficilis","","Prosopis L.","AZ-CA-NM-NV","Uncommon"
"perdita distans","","Eriogonum Michx.","CA","Rare"
"perdita distropica","","Calochortus Pursh","CA","Uncommon-Rare"
"perdita diversa","","Tiquilia Pers.","AZ-NM","Uncommon-Rare"
"perdita dolichocephala","Asteraceae","Asteraceae : Helianthus L.","CO-NM-UT","Uncommon-Rare"
"perdita drymariae","","Tidestromia Standl.","NM","Rare"
"perdita dubia","Asteraceae","Asteraceae : Chrysothamnus Nutt. , Ericameria Nutt. , Gutierrezia Lag.","AZ-CA-CO-ID-NV-WY","Uncommon-Rare"
"perdita electa","Asteraceae","Asteraceae : Chrysothamnus Nutt. , Ericameria Nutt. ; Eriogonum Michx.","UT-WY","Uncommon-Rare"
"perdita elegans","","Palafoxia Lag.","AZ-CA-NV-UT","Rare"
"perdita eremica","Fabaceae","Fabaceae : Dalea L. , Psorothamnus Rydb.","AZ-CA-NV-UT","Uncommon-Rare"
"perdita eremophila","","Phacelia Juss.","CA","Rare"
"perdita eriastri","","Eriastrum Wooton & Standl.","CA-NV","Rare"
"perdita ericameriae","Asteraceae","Asteraceae : Ericameria Nutt. , Gutierrezia Lag.","CA","Rare"
"perdita erythropyga","Fabaceae","Fabaceae : Dalea L. , Psorothamnus Rydb.","CA","Rare"
"perdita euphorbiae","","Euphorbia L.","AZ-CA-NV","Rare"
"perdita exclamans","Fabaceae","Fabaceae : Prosopis L. , Vachellia Wight & Arn.","AZ-CA-NM-NV-OR-UT","Uncommon-Rare"
"perdita exilis","","Petalonyx A. Gray","CA","Uncommon-Rare"
"perdita exusta","","Tiquilia Pers.","NV","Rare"
"perdita fallax","Asteraceae","Asteraceae : Bahia Lag. , Chrysothamnus Nutt. , Erigeron L. , Gaillardia Foug. , Grindelia Willd. , Gutierrezia Lag. , Haplopappus Cass. , Helianthus L. , Heterotheca Cass. , Solidago L.","AZ-CO-ID-MT-NM-UT-WY","Uncommon-Rare"
"perdita festiva","Asteraceae","Asteraceae : Ericameria Nutt. , Oxytenia Nutt.","UT","Uncommon"
"perdita fieldi","","Adenostoma Hook. & Arn. , Eriogonum Michx.","CA","Rare"
"perdita flavifrons","Asteraceae","Asteraceae : Chrysothamnus Nutt. , Gutierrezia Lag.","CA-NM-UT-WY","Rare"
"perdita florissantella","","Lepidium L.","CO-NM","Rare"
"perdita foleyi","Asteraceae","Asteraceae : Chrysothamnus Nutt. , Ericameria Nutt.","CA-NV","Rare"
"perdita foveata","Asteraceae","Asteraceae : Aphanostephus DC. , Coreopsis L. , Machaeranthera Nees","NM","Rare"
"perdita frontalis","","Tiquilia Pers.","CA","Rare"
"perdita genalis","Fabaceae","Fabaceae : Parkinsonia L. , Prosopis L.","AZ-CA-NV-UT","Uncommon-Rare"
"perdita gentilis","","Eriogonum Michx.","AZ-CA-NV","Rare"
"perdita giliae","","Gilia Ruiz & Pav.","AZ","Rare"
"perdita gutierreziae","Asteraceae","Asteraceae : Baileya Harv. & A. Gray ex A. Gray , Ericameria Nutt. , Grindelia Willd. , Gutierrezia Lag. , Isocoma Nutt. , Machaeranthera Nees , Sartwellia A. Gray , Solidago L.","AZ-CA-CO-NM-NV-UT","Uncommon-Rare"
"perdita halictoides","","Physalis L.","CA-CO-UT-WY","Rare"
"perdita heliophila","Asteraceae","Asteraceae : Helianthus L.","CO-NM-UT","Rare"
"perdita heliotropii","","Heliotropium L.","AZ-CA-NM-NV-UT","Uncommon-Rare"
"perdita heterothecae","Asteraceae","Asteraceae : Baileya Harv. & A. Gray ex A. Gray , Chloracantha G.L. Nesom , Gutierrezia Lag. , Heterotheca Cass. , Machaeranthera Nees","AZ-CA-NV-UT","Uncommon-Rare"
"perdita hippolyta","","Tiquilia Pers.","NM","Rare"
"perdita hirsuta","Fabaceae","Fabaceae : Dalea L. , Psorothamnus Rydb.","AZ-NM-UT","Uncommon-Rare"
"perdita hirticeps","Asteraceae","Asteraceae : Stephanomeria Nutt.","AZ-CA-ID-NV-UT","Uncommon-Rare"
"perdita holoxantha","","Mentzelia L.","AZ-NM-NV-UT","Uncommon-Rare"
"perdita hurdi","Pedaliaceae","Pedaliaceae : Martynia L. , Proboscidea Schmidel","AZ-CA","Rare"
"perdita idonea","","Gutierrezia Lag.","AZ-CA-NV-UT","Uncommon"
"perdita ignota","Asteraceae","Asteraceae : Aphanostephus DC. , Baileya Harv. & A. Gray ex A. Gray , Chrysothamnus Nutt. , Croptilon Raf. , Grindelia Willd. , Gutierrezia Lag. , Heterotheca Cass. , Machaeranthera Nees , Solidago L. , Xanthisma DC.","AZ-CO-MT-NM-NV-UT-WY","Uncommon-Rare"
"perdita imbellis","Asteraceae","Asteraceae : Ericameria Nutt.","AZ-NM-UT","Rare"
"perdita indioensis","Asteraceae","Asteraceae : Isocoma Nutt.","CA","Rare"
"perdita innotata","","Prosopis L.","AZ-CA-NV","Rare"
"perdita interrupta","","Eschscholzia Cham.","AZ-CA","Rare"
"perdita interserta","Asteraceae","Asteraceae : Astereae: Baccharis L. , Ericameria Nutt. , Euthamia Nutt. ex Cass. , Gutierrezia Lag. , Isocoma Nutt. , Lepidospartum (A. Gray) A. Gray , Pluchea Cass. , Solidago L.","CA-OR","Uncommon-Rare"
"perdita irregularis","","Ericameria Nutt.","NM","Rare"
"perdita isocomae","Asteraceae","Asteraceae : Astereae: Baccharis L. , Isocoma Nutt.","CA","Uncommon-Rare"
"perdita jucunda","","Eriogonum Michx.","AZ-CA-NV-UT","Uncommon-Rare"
"perdita kiowi","","Mentzelia L.","CO-NM","Rare"
"perdita knowltoni","","Chrysothamnus Nutt.","UT","Uncommon-Rare"
"perdita koebelei","Loasaceae","Loasaceae : Eucnide Zucc. , Mentzelia L.","AZ-CA-NV","Uncommon-Rare"
"perdita labergei","","Euphorbia L.","AZ-UT","Rare"
"perdita labrata","","Eriogonum Michx.","CA","Rare"
"perdita larreae","","Larrea Cav.","AZ-CA-NM-NV-UT","Uncommon"
"perdita lasiogastra","","Pectis L.","CO-NM","Rare"
"perdita lateralis","","Larrea Cav.","AZ-CA-NV-UT","Uncommon"
"perdita laticincta","Asteraceae","Asteraceae : Helianthus L. , Solidago L.","CO-NM-UT-WY","Uncommon-Rare"
"perdita layiae","","Layia Hook. & Arn. ex DC.","CA","Rare"
"perdita lenis","Solanaceae","Solanaceae : Chamaesaracha (A. Gray) Benth. , Physalis L. , Solanum L.","AZ-CA-NM","Uncommon-Rare"
"perdita lepachidis","Asteraceae","Asteraceae : Ratibida Raf.","CO-NM-NV","Rare"
"perdita lepidosparti","Asteraceae","Asteraceae : Chrysothamnus Nutt. , Ericameria Nutt. , Lepidospartum (A. Gray) A. Gray , Tetradymia DC.","CA-ID-NV-UT","Uncommon-Rare"
"perdita leucostoma","","Calochortus Pursh","CA-NV-UT","Rare"
"perdita lingualis","Asteraceae","Asteraceae : Ericameria Nutt. , Helianthus L. , Verbesina L.","AZ-CA-CO-ID-NM-UT-WA-WY","Uncommon-Rare"
"perdita lucens","","Eriogonum Michx.","CA-NV","Rare"
"perdita luciae","Fabaceae","Fabaceae : Parkinsonia L. , Prosopis L. , Vachellia Wight & Arn.","AZ-CA-NM-NV-UT","Uncommon"
"perdita luculenta","Asteraceae","Asteraceae : Palafoxia Lag. , Pectis L.","AZ-CA-NV","Rare"
"perdita lunulata","","Mentzelia L.","AZ-NM","Rare"
"perdita luteola","Asteraceae","Asteraceae : Baileya Harv. & A. Gray ex A. Gray , Chrysothamnus Nutt. , Ericameria Nutt. , Gutierrezia Lag. , Isocoma Nutt. , Xanthocephalum Willd.","AZ-CO-ID-NM-NV-WY","Uncommon-Rare"
"perdita lycii","","Lycium L.","AZ","Rare"
"perdita maculigera","","Salix L.","CO-NM","Rare"
"perdita maculosa","","Tiquilia Pers.","AZ-CA-NV","Rare"
"perdita malacothricis","Asteraceae","Asteraceae : Atrichoseris A. Gray , Baileya Harv. & A. Gray ex A. Gray , Chaenactis DC. , Malacothrix DC. , Rafinesquia Nutt. , Stephanomeria Nutt.","AZ-CA-NV-NM","Uncommon-Rare"
"perdita mandibularis","Asteraceae","Asteraceae : Bebbia (Benth.) Greene , Chaenactis DC. , Palafoxia Lag.","CA-NV","Rare"
"perdita meconis","","Arctomecon Torr. & Frém. , Argemone L.","AZ-CA-NV-UT","Rare"
"perdita media","Asteraceae","Asteraceae : Isocoma Nutt.","CA","Uncommon-Rare"
"perdita melanochlora","Asteraceae","Asteraceae : Baileya Harv. & A. Gray ex A. Gray , Bebbia (Benth.) Greene , Encelia Adans. , Geraea Torr. & A. Gray , Viguiera Kunth","AZ-CA-NM-NV","Uncommon-Rare"
"perdita melanostoma","Asteraceae","Asteraceae : Baileya Harv. & A. Gray ex A. Gray , Ericameria Nutt. , Gutierrezia Lag.","AZ-CO-ID-NM-UT-WY","Uncommon-Rare"
"perdita mentzeliae","","Mentzelia L.","AZ-CO-NM","Rare"
"perdita mentzeliarum","","Mentzelia L.","AZ-NM-NV","Rare"
"perdita mesillensis","Asteraceae","Asteraceae : Gutierrezia Lag. , Pectis L.","NM-UT","Uncommon-Rare"
"perdita mimula","Asteraceae","Asteraceae : Isocoma Nutt.","CA","Rare"
"perdita minima","Euphorbiaceae","Euphorbiaceae : Chamaesyce Gray , Euphorbia L.","AZ-CA-NM-NV","Uncommon"
"perdita mohavensis","Papaveraceae","Papaveraceae : Arctomecon Torr. & Frém. , Argemone L. , Eschscholzia Cham.","AZ-CA-NV-UT","Uncommon-Rare"
"perdita montereyensis","","Eschscholzia Cham.","CA","Uncommon"
"perdita mucronata","","Eschscholzia Cham.","CA","Rare"
"perdita multiflorae","","Mentzelia L.","UT","Rare"
"perdita munda","Asteraceae","Asteraceae : Chrysothamnus Nutt. , Ericameria Nutt.","AZ-ID-UT","Uncommon-Rare"
"perdita munita","","Chamaesaracha (A. Gray) Benth.","AZ-NM","Uncommon-Rare"
"perdita namatophila","","Phacelia Juss.","CA","Rare"
"perdita nanula","","Euphorbia L.","AZ","Rare"
"perdita nasuta","","Eriogonum Michx.","AZ-CA-NM-NV-UT","Uncommon"
"perdita navarretiae","Polemoniaceae","Polemoniaceae : Allophyllum (Nutt.) A.D. Grant & V.E. Grant , Navarretia Ruiz & Pav.","CA","Rare"
"perdita nevadensis","","Eriogonum Michx.","CA-OR-WA","Uncommon-Rare"
"perdita nigridia","","Mentzelia L.","AZ-CA-NV","Uncommon-Rare"
"perdita nigriventris","","Euphorbia L.","AZ","Rare"
"perdita nigrocaerulea","","Salazaria Torr.","CA","Rare"
"perdita nitens","","Eschscholzia Cham.","CA","Rare"
"perdita nuda","Asteraceae","Asteraceae : Chrysothamnus Nutt. , Ericameria Nutt. , Erigeron L. , Grindelia Willd. , Gutierrezia Lag. , Solidago L.","AZ-CO-ID-NM-UT","Uncommon-Rare"
"perdita numerata","Fabaceae","Fabaceae : Prosopis L. , Vachellia Wight & Arn.","AZ-CA-NM","Uncommon-Rare"
"perdita nuttalliae","","Tiquilia Pers.","NV-OR-UT","Rare"
"perdita obscurella","Euphorbiaceae","Euphorbiaceae : Chamaesyce Gray , Euphorbia L.","AZ-NM","Uncommon-Rare"
"perdita octomaculata","Asteraceae","Asteraceae : Astereae: Baccharis L. , Euthamia Nutt. ex Cass. , Grindelia Willd. , Solidago L. , Symphyotrichum Nees","NM","Rare"
"perdita optiva","","Tiquilia Pers.","AZ-CA-NV","Rare"
"perdita oregonensis","Asteraceae","Asteraceae : Chaenactis DC. , Chrysothamnus Nutt. , Encelia Adans. , Ericameria Nutt. , Geraea Torr. & A. Gray , Grindelia Willd. , Gutierrezia Lag.","AZ-CA-ID-NM-NV-OR-UT-WA-WY","Rare"
"perdita pachygnatha","","Chrysothamnus Nutt.","CA","Rare"
"perdita pallida","","Oenothera L.","CA-NV","Rare"
"perdita pallidipes","","Prosopis L.","AZ-CA-NV","Rare"
"perdita pectoralis","","Eriogonum Michx.","AZ-CA","Rare"
"perdita peculiaris","","Chamaesaracha (A. Gray) Benth.","NM","Rare"
"perdita pelargoides","Polemoniaceae","Polemoniaceae : Eriastrum Wooton & Standl. , Navarretia Ruiz & Pav.","CA","Rare"
"perdita percincta","","Gutierrezia Lag.","AZ-UT","Rare"
"perdita perpallida","","Dalea L.","NM-UT","Rare"
"perdita perplexa","","Mentzelia L.","NM-UT","Uncommon-Rare"
"perdita perpulchra","Asteraceae","Asteraceae : Aphanostephus DC. , Baileya Harv. & A. Gray ex A. Gray , Dyssodia Cav. , Grindelia Willd. , Gutierrezia Lag. , Heterotheca Cass. , Isocoma Nutt. , Vanclevea Greene , Verbesina L. , Xanthocephalum Willd. , Xylothamia G.L. Nesom, Suh, D. Morgan & Simpson","AZ-CO-NM-UT","Uncommon-Rare"
"perdita phymatae","Asteraceae","Asteraceae : Baileya Harv. & A. Gray ex A. Gray , Chrysothamnus Nutt. , Ericameria Nutt. , Gutierrezia Lag. , Helianthus L.","AZ-CO-ID-NM-NV-UT","Uncommon-Rare"
"perdita physalidis","","Physalis L.","AZ-CA","Rare"
"perdita pilonotata","","Tiquilia Pers.","NM","Rare"
"perdita plucheae","","Pluchea Cass.","AZ-CA-NV","Rare"
"perdita polita","Asteraceae","Asteraceae : Centromadia Greene","CA","Rare"
"perdita polycarpae","Euphorbiaceae","Euphorbiaceae : Chamaesyce Gray , Euphorbia L.","AZ-CA-NV","Rare"
"perdita prionopsidis","Asteraceae","Asteraceae : Boltonia L'Hér. , Grindelia Willd. , Heterotheca Cass.","CO","Rare"
"perdita prodigiosa","","Tiquilia Pers.","NV","Rare"
"perdita propinqua","Polemoniaceae","Polemoniaceae : Leptosiphon Benth. , Linanthus Benth.","CA","Rare"
"perdita prosopidis","","Prosopis L.","AZ-CA-NV","Rare"
"perdita proxima","Asteraceae","Asteraceae : Chrysothamnus Nutt. , Ericameria Nutt. , Isocoma Nutt.","CA","Uncommon-Rare"
"perdita punctifera","","Mentzelia L.","AZ-CA","Uncommon-Rare"
"perdita punctifrons","Asteraceae","Asteraceae : Lessingia Cham.","CA","Rare"
"perdita punctosignata","Fabaceae","Fabaceae : Parkinsonia L. , Prosopis L. , Vachellia Wight & Arn.","AZ-CA-NM-NV-UT","Common-Uncommon"
"perdita punctulata","","Larrea Cav.","AZ-CA-NV","Uncommon"
"perdita pyrifera","Fabaceae","Fabaceae : Lotus L.","CA","Rare"
"perdita rectangulata","Asteraceae","Asteraceae : Chrysothamnus Nutt. , Ericameria Nutt. , Gutierrezia Lag. , Solidago L.","AZ-CO-ID-NM-UT-WY","Uncommon-Rare"
"perdita repens","","Ericameria Nutt.","CA","Rare"
"perdita reperta","Asteraceae","Asteraceae : Chrysothamnus Nutt. , Ericameria Nutt.","AZ-CO-NM","Rare"
"perdita retusa","","Ericameria Nutt.","AZ-CA-NM","Rare"
"perdita rhodogastra","","Tiquilia Pers.","AZ-CA-NV","Rare"
"perdita rhodura","Asteraceae","Asteraceae : Baileya Harv. & A. Gray ex A. Gray , Chrysothamnus Nutt. , Ericameria Nutt. , Gutierrezia Lag. , Viguiera Kunth","AZ-CO-NM-UT-WY","Uncommon-Rare"
"perdita rhondae","","Camissonia Link","CA","Rare"
"perdita rivalis","Asteraceae","Asteraceae : Erigeron L. , Machaeranthera Nees , Solidago L.","CA-NV","Rare"
"perdita robustula","Papaveraceae","Papaveraceae : Arctomecon Torr. & Frém. , Argemone L. , Eschscholzia Cham.","CA-NV","Rare"
"perdita salicis","","Salix L.","AZ-CA-CO-ID-NM-NV-OR-UT-WA","Uncommon-Rare"
"perdita salviae","","Salvia L.","CA","Rare"
"perdita scitula","Asteraceae","Asteraceae : Ericameria Nutt. , Gutierrezia Lag. , Heterotheca Cass. , Lessingia Cham.","AZ-CA-NM","Rare"
"perdita scotti","","Ericameria Nutt.","CA","Rare"
"perdita scutellaris","","Tiquilia Pers.","CA","Rare"
"perdita semicaerulea","","Larrea Cav.","AZ-CA-NM-NV","Uncommon"
"perdita semicrocea","Asteraceae","Asteraceae : Gutierrezia Lag. , Solidago L.","AZ-NM","Rare"
"perdita semilutea","","Eriogonum Michx.","CA","Rare"
"perdita sexfasciata","","Tiquilia Pers.","AZ-CA-NV","Rare"
"perdita similis","Asteraceae","Asteraceae : Chrysothamnus Nutt. , Ericameria Nutt. , Grindelia Willd. , Gutierrezia Lag. , Isocoma Nutt. , Tetradymia DC.","AZ-CA-CO-ID-NM-NV-OR-UT-WA-WY","Common-Uncommon"
"perdita snellingi","Asteraceae","Asteraceae : Ericameria Nutt. , Gutierrezia Lag. , Solidago L.","CA","Rare"
"perdita snowii","Asteraceae","Asteraceae : Gutierrezia Lag.","AZ-CO-UT","Rare"
"perdita sonorensis","","Prosopis L.","AZ-CA-NV","Uncommon-Rare"
"perdita sphaeralceae","","Sphaeralcea A. St.-Hil.","AZ-NM-UT","Uncommon"
"perdita stathamae","Fabaceae","Fabaceae : Prosopis L. , Vachellia Wight & Arn.","AZ-CA-NM-NV","Uncommon-Rare"
"perdita stephanomeriae","","Stephanomeria Nutt.","CA-NV","Rare"
"perdita stottleri","Asteraceae","Asteraceae : Chrysothamnus Nutt. , Ericameria Nutt. , Grindelia Willd. , Gutierrezia Lag. , Heterotheca Cass.","AZ-CA-CO-ID-NM-NV-OR-UT-WY","Uncommon-Rare"
"perdita subfasciata","Asteraceae","Asteraceae : Chrysothamnus Nutt. , Ericameria Nutt. , Gutierrezia Lag.","AZ-CA-NM-NV-OR-UT","Uncommon-Rare"
"perdita subvestita","Asteraceae","Asteraceae : Ericameria Nutt. , Gutierrezia Lag. , Xanthisma DC.","AZ-NM-UT","Rare"
"perdita swenki","Asteraceae","Asteraceae : Grindelia Willd. , Helianthus L. , Heterotheca Cass. , Solidago L.","CO-MT","Rare"
"perdita swezeyi","Asteraceae","Asteraceae : Erigeron L.","CA-NV-UT","Rare"
"perdita sycorax","","Tiquilia Pers.","UT","Rare"
"perdita taeniata","","Ericameria Nutt.","NM","Rare"
"perdita thelypodii","","Cleome L.","CA-NV","Rare"
"perdita thermophila","","Eriogonum Michx.","AZ-CA-NV-UT","Uncommon-Rare"
"perdita timberlakei","","Eriogonum Michx.","CA","Uncommon-Rare"
"perdita titania","","Tiquilia Pers.","CA","Rare"
"perdita tortifoliae","","Lepidium L.","AZ-CA-CO-NM-NV-UT","Uncommon-Rare"
"perdita townsendi","Asteraceae","Asteraceae : Ericameria Nutt. , Gutierrezia Lag.","AZ-NM","Rare"
"perdita translineata","Asteraceae","Asteraceae : Baileya Harv. & A. Gray ex A. Gray , Heterotheca Cass.","NM","Rare"
"perdita triangulifera","Fabaceae","Fabaceae : Parkinsonia L. , Prosopis L. , Vachellia Wight & Arn.","AZ-CA-NM-NV-UT","Uncommon-Rare"
"perdita tridentata","","Helianthus L.","CO-NM","Rare"
"perdita trifasciata","","Tiquilia Pers.","NM","Rare"
"perdita trifida","","Isocoma Nutt.","CA","Rare"
"perdita trimaculata","Asteraceae","Asteraceae : Chrysothamnus Nutt. , Ericameria Nutt. , Gutierrezia Lag.","AZ-CA-NV","Rare"
"perdita trinotata","","Lesquerella S. Watson","NM","Rare"
"perdita trisignata","Fabaceae","Fabaceae : Lotus L.","CA","Uncommon-Rare"
"perdita tularensis","","Calochortus Pursh","CA","Rare"
"perdita utahensis","Asteraceae","Asteraceae : Baileya Harv. & A. Gray ex A. Gray , Geraea Torr. & A. Gray , Helianthus L. , Pectis L. , Verbesina L.","AZ-CA-NM-NV-UT","Uncommon-Rare"
"perdita ute","","Argemone L.","UT","Rare"
"perdita vandykei","","Malacothrix DC.","CA","Rare"
"perdita variegata","","Monarda L.","ID","Rare"
"perdita varleyi","","Eriogonum Michx.","CA","Rare"
"perdita verbesinae","Asteraceae","Asteraceae : Baccharis L. , Baileya Harv. & A. Gray ex A. Gray , Chrysothamnus Nutt. , Geraea Torr. & A. Gray , Gutierrezia Lag. , Helianthus L. , Heliopsis Pers. , Heterotheca Cass. , Verbesina L. , Viguiera Kunth","AZ-CA-NM-UT","Uncommon-Rare"
"perdita vesca","","Tiquilia Pers.","CA-NV-OR-UT","Rare"
"perdita vespertina","","Camissonia Link","NV","Rare"
"perdita vittata","Capparaceae","Capparaceae : Cleome L. , Cleomella DC. , Oxystylis Torr. & Frém. , Wislizenia Engelm.","CA-NV","Rare"
"perdita wasbaueri","","Tiquilia Pers.","CA","Rare"
"perdita wilmattae","Capparaceae","Capparaceae : Cleome L. , Cleomella DC. , Oxystylis Torr. & Frém. , Wislizenia Engelm.","AZ-CA-CO-NM-NV-WY","Uncommon"
"perdita wislizeniae","Capparaceae","Capparaceae : Cleome L. , Cleomella DC. , Oxystylis Torr. & Frém. , Wislizenia Engelm.","AZ-NM","Rare"
"perdita wootonae","","Mentzelia L.","CO-NM-WY","Rare"
"perdita xanthismae","Asteraceae","Asteraceae : Xanthisma DC.","AZ-NM-WY","Rare"
"perdita xanthochroa","","Sphaeralcea A. St.-Hil.","CO-ID-NM-UT","Rare"
"perdita xanthodes","Asteraceae","Asteraceae : Ericameria Nutt.","CA-UT","Rare"
"perdita xerophila","","Eriogonum Michx.","AZ-CA-NV-UT","Uncommon-Rare"
"perdita yanegai","","Tiquilia Pers.","AZ-CA-NV","Rare"
"perdita yosemitensis","","Eriogonum Michx.","CA","Uncommon-Rare"
"perdita zebrata","Capparaceae","Capparaceae : Cleome L. , Cleomella DC. , Oxystylis Torr. & Frém. , Wislizenia Engelm.","AZ-CA-CO-ID-MT-NM-NV-OR-UT-WY","Common"
"perdita zonalis","Asteraceae","Asteraceae : Chrysothamnus Nutt. , Ericameria Nutt. , Eriogonum Michx. , Gutierrezia Lag. , Heterotheca Cass. , Isocoma Nutt. , Lepidospartum (A. Gray) A. Gray , Machaeranthera Nees , Solidago L. , Symphyotrichum Nees","CA-CO-ID-MT-NV-OR-UT-WY","Uncommon-Rare"
"protandrena abdominalis","","Monarda L.","NM","Rare"
"protandrena tidestromiae","","Tidestromia Standl.","AZ-NM","Rare"
"protandrena verbesinae","Asteraceae","Asteraceae : Baileya Harv. & A. Gray ex A. Gray , Helianthus L. , Heterotheca Cass. , Machaeranthera Nees , Pectis L.","AZ-NM","Rare"
"protodufourea eickworti","","Phacelia Juss.","AZ-CA-NV","Rare"
"protodufourea koso","","Phacelia Juss.","CA-NV","Rare"
"protodufourea parca","","Phacelia Juss.","CA","Rare"
"protodufourea wasbaueri","","Emmenanthe Benth.","CA","Rare"
"protodufourea zavortinki","","Phacelia Juss.","CA","Rare"
"pseudopanurgus aestivalis","Asteraceae","Asteraceae : Erigeron L. , Grindelia Willd. , Solidago L.","CO","Rare"
"pseudopanurgus aethiops","Asteraceae","Asteraceae : Helianthus L. , Heterotheca Cass. , Verbesina L. , Viguiera Kunth","AZ-CO-ID-NM-UT-WY","Uncommon-Rare"
"pseudopanurgus albitarsis","Asteraceae","Asteraceae : Baccharis L. , Coreopsis L. , Echinacea Moench , Helianthus L. , Ratibida Raf. , Rudbeckia L.","AZ-CO-NM-UT","Rare"
"pseudopanurgus atricornis","Asteraceae","Asteraceae : Erigeron L.","AZ-CO-NM","Rare"
"pseudopanurgus barberi","Asteraceae","Asteraceae : Verbesina L. , Viguiera Kunth","AZ-NM","Rare"
"pseudopanurgus boylei","Asteraceae","Asteraceae : Verbesina L.","AZ-CO-NM-UT","Rare"
"pseudopanurgus citripes","Asteraceae","Asteraceae : Heterotheca Cass.","CO-NM","Rare"
"pseudopanurgus dicksoni","Asteraceae","Asteraceae : Pectis L.","AZ-CA-NM","Rare"
"pseudopanurgus didirupa","Asteraceae","Asteraceae : Erigeron L.","CO-ID-MT-NM-UT-WY","Rare"
"pseudopanurgus fraterculus","Asteraceae","Asteraceae : Baileya Harv. & A. Gray ex A. Gray , Gutierrezia Lag. , Haplopappus Cass. , Heliopsis Pers. , Heterotheca Cass. , Hymenothrix A. Gray , Machaeranthera Nees , Melampodium L. , Verbesina L.","AZ-CA-CO-NM","Uncommon-Rare"
"pseudopanurgus helianthi","Asteraceae","Asteraceae : Helianthus L.","AZ-NM","Rare"
"pseudopanurgus illustris","Asteraceae","Asteraceae : Verbesina L.","AZ","Rare"
"pseudopanurgus innuptus","Asteraceae","Asteraceae : Helianthus L.","AZ-CO-ID-MT-NM-NV-UT-WY","Rare"
"pseudopanurgus irregularis","","Grindelia Willd.","CA-CO-ID-MT-NV-OR-UT-WY","Rare"
"pseudopanurgus leucopterus","Asteraceae","Asteraceae : Helianthus L.","CO-NM","Rare"
"pseudopanurgus nanulus","","Euphorbia L.","AZ-NM","Rare"
"pseudopanurgus occiduus","Asteraceae","Asteraceae : Heterotheca Cass.","AZ-NM","Rare"
"pseudopanurgus pectidellus","Asteraceae","Asteraceae : Baileya Harv. & A. Gray ex A. Gray , Verbesina L.","AZ-NM","Rare"
"pseudopanurgus pectiphilus","Asteraceae","Asteraceae : Pectis L. , Verbesina L.","AZ-CA-NM-NV","Rare"
"pseudopanurgus perarmatus","Asteraceae","Asteraceae : Verbesina L.","AZ","Rare"
"pseudopanurgus perpunctatus","Asteraceae","Asteraceae : Heterotheca Cass.","AZ-NM","Rare"
"pseudopanurgus piercei","Asteraceae","Asteraceae : Grindelia Willd. , Helianthus L. , Solidago L.","CO-NM","Rare"
"pseudopanurgus porterae","Asteraceae","Asteraceae : Helianthus L.","AZ-CA-CO-NM","Rare"
"pseudopanurgus renimaculatus","Asteraceae","Asteraceae : Baccharis L. , Boltonia L'Hér. , Grindelia Willd. , Helianthus L. , Symphyotrichum Nees","AZ-CO-ID-NM-UT-WY","Rare"
"pseudopanurgus rugosus","Asteraceae","Asteraceae : Bidens L. , Helianthus L. , Heliopsis Pers. , Rudbeckia L. , Silphium L.","CO","Rare"
"pseudopanurgus verticalis","Asteraceae","Asteraceae : Pectis L. , Verbesina L.","AZ-CA-NM","Rare"
"ptilothrix chiricahua","","Kallstroemia Scop.","AZ-NM","Uncommon-Rare"
"sphecodosoma beameri","","Nama L.","AZ","Rare"
"sphecodosoma dicksoni","","Nama L.","AZ-CA-NM","Rare"
"svastra compta","","Oenothera L.","AZ-CO-NM-UT","Rare"
"svastra duplocincta","","Ferocactus Britton & Rose","AZ-CA-NM","Rare"
"svastra helianthelli","Asteraceae","Asteraceae : Baileya Harv. & A. Gray ex A. Gray , Helianthus L. , Vanclevea Greene","AZ-CA-NM-NV-UT","Rare"
"svastra machaerantherae","Asteraceae","Asteraceae : Baccharis L. , Ericameria Nutt. , Helianthus L. , Heterotheca Cass. , Verbesina L.","AZ-CA-NM-NV-UT","Rare"
"svastra obliqua","Asteraceae","Asteraceae : Chrysothamnus Nutt. , Cirsium Mill. , Grindelia Willd. , Helianthus L. , Rudbeckia L. , Vanclevea Greene , Vernonia Schreb.","AZ-CA-CO-ID-MT-NM-NV-OR-UT-WA-WY","Common-Uncommon"
"svastra petulca","Asteraceae","Asteraceae : Coreopsis L. , Helenium L. , Helianthus L. , Pyrrhopappus DC. , Ratibida Raf. , Rudbeckia L. , Verbesina L.","AZ-CO-ID-NM","Uncommon-Rare"
"svastra sabinensis","Asteraceae","Asteraceae : Baccharis L. , Baileya Harv. & A. Gray ex A. Gray , Bebbia (Benth.) Greene , Encelia Adans. , Gaillardia Foug. , Haplopappus Cass. , Helianthus L. , Hemizonia DC. , Heterotheca Cass. , Hymenothrix A. Gray , Isocoma Nutt.","AZ-CA-CO-NM","Uncommon"
"svastra sila","","Psilostrophe DC.","AZ-CA-NM","Rare"
"svastra texana","Asteraceae","Asteraceae : Chrysothamnus Nutt. , Verbesina L.","AZ-CA-CO-NM","Rare"
"syntrichalonia exquisita","Asteraceae","Asteraceae : Helianthus L. , Rudbeckia L. , Verbesina L. , Viguiera Kunth","AZ-NM","Uncommon-Rare"
"tetraloniella albata","","Dalea L.","AZ-CO-MT-NM","Rare"
"tetraloniella lippiae","","Sphaeralcea A. St.-Hil.","AZ-NM","Rare"
"tetraloniella spissa","Asteraceae","Asteraceae : Helianthus L.","CO-NM","Rare"
"trachusa bequaerti","","Dalea L.","CA-WY","Uncommon-Rare"
"trachusa larreae","","Larrea Cav.","AZ-CA-NM-NV-UT","Uncommon-Rare"
"trachusa zebrata","Asteraceae","Asteraceae : Encelia Adans. , Helianthus L.","AZ-CA-CO-NM-UT-WY","Rare"
"xenoglossa angustior","","Cucurbita L.","AZ-CA-NM","Rare"
"xenoglossa gabbii","","Cucurbita L.","AZ","Rare"
"xenoglossa kansensis","","Cucurbita L. , Ipomoea L.","CO-NM","Rare"
"xenoglossa mustelina","","Cucurbita L.","CA-NM","Rare"
"xenoglossa patricia","","Cucurbita L.","AZ-CA-NM","Rare"
"xenoglossa strenua","","Cucurbita L.","AZ-CA-CO-NM-NV-OR-UT","Uncommon"
"xeralictus bicuspidariae","","Mentzelia L.","AZ-CA-NV","Rare"
"xeralictus timberlakei","","Mentzelia L.","CA-NM","Rare"
