verbatim_name,canonical_name,resolved_taxon_id,accepted_canonical_name,source,confidence,gbif_match_type,notes
Agapostemon femoratus,agapostemon femoratus,307033,agapostemon femoratus,exact,1.0,,
"Agapostemon femoratus Crawford, 1901",agapostemon femoratus,307033,agapostemon femoratus,exact,1.0,,
Agapostemon texanus,agapostemon texanus,1581468,agapostemon texanus,exact,1.0,,
"Agapostemon texanus Cresson, 1872",agapostemon texanus,1581468,agapostemon texanus,exact,1.0,,
Agapostemon texanus/angelicus,agapostemon texanus/angelicus,606634,agapostemon,slash_lca,1.0,,LCA of agapostemon texanus + agapostemon angelicus
"Agapostemon virescens (Fabricius, 1775)",agapostemon virescens,82530,agapostemon virescens,exact,1.0,,
"Andrena amphibola (Viereck, 1904)",andrena amphibola,453646,andrena amphibola,exact,1.0,,
"Andrena andrenoides (Cresson, 1878)",andrena andrenoides,336460,andrena andrenoides,exact,1.0,,
Andrena angustitarsata,andrena angustitarsata,346696,andrena angustitarsata,exact,1.0,,
"Andrena angustitarsata Viereck, 1904",andrena angustitarsata,346696,andrena angustitarsata,exact,1.0,,
"Andrena astragali Viereck & Cockerell, 1914",andrena astragali,336467,andrena astragali,exact,1.0,,
Andrena barbilabris,andrena barbilabris,199007,andrena barbilabris,exact,1.0,,
"Andrena barbilabris (Kirby, 1802)",andrena barbilabris,199007,andrena barbilabris,exact,1.0,,
"Andrena berberidis Cockerell, 1905",andrena berberidis,458996,andrena berberidis,exact,1.0,,
Andrena buckelli,andrena buckelli,213581,andrena buckelli,exact,1.0,,
Andrena caerulea,andrena caerulea,335694,andrena caerulea,exact,1.0,,
Andrena candida,andrena candida,309427,andrena candida,exact,1.0,,
"Andrena candida Viereck, 1904",andrena candida,309427,andrena candida,exact,1.0,,
Andrena candidiformis,andrena candidiformis,458998,andrena candidiformis,exact,1.0,,
"Andrena ceanothifloris Linsley, 1938",andrena ceanothifloris,458999,andrena ceanothifloris,exact,1.0,,
Andrena cerasifolii,andrena cerasifolii,346238,andrena cerasifolii,exact,1.0,,
Andrena chalybiodes,andrena chalybiodes,573383,andrena chalybioides,gbif,0.96,VARIANT,
Andrena chalybioides,andrena chalybioides,573383,andrena chalybioides,exact,1.0,,
Andrena chlorogaster,andrena chlorogaster,346691,andrena chlorogaster,exact,1.0,,
Andrena cleodora cleodora,andrena cleodora,459003,andrena cleodora,exact,1.0,,
"Andrena colletina Cockerell, 1906",andrena colletina,459004,andrena colletina,exact,1.0,,
"Andrena columbiana Viereck, 1917",andrena columbiana,459005,andrena columbiana,exact,1.0,,
"Andrena commoda Smith, 1879",andrena commoda,199013,andrena commoda,exact,1.0,,
Andrena cressonii,andrena cressonii,199010,andrena cressonii,exact,1.0,,
Andrena cressonii infasciata,andrena cressonii,199010,andrena cressonii,exact,1.0,,
Andrena cristata,andrena cristata,361393,andrena cristata,exact,1.0,,
Andrena cuneilabris,andrena cuneilabris,57670,andrena cuneilabris,exact,1.0,,
Andrena cupreotincta,andrena cupreotincta,459007,andrena cupreotincta,exact,1.0,,
"Andrena cupreotincta Cockerell, 1901",andrena cupreotincta,459007,andrena cupreotincta,exact,1.0,,
Andrena cyanophila,andrena cyanophila,459008,andrena cyanophila,exact,1.0,,
"Andrena cyanophila Cockerell, 1906",andrena cyanophila,459008,andrena cyanophila,exact,1.0,,
Andrena evoluta,andrena evoluta,459010,andrena evoluta,exact,1.0,,
"Andrena evoluta Linsley & MacSwain, 1961",andrena evoluta,459010,andrena evoluta,exact,1.0,,
"Andrena flocculosa LaBerge & Ribble, 1972",andrena flocculosa,573222,andrena flocculosa,exact,1.0,,
Andrena floculosa,andrena floculosa,573222,andrena flocculosa,gbif,0.98,VARIANT,
"Andrena forbesii Robertson, 1891",andrena forbesii,198993,andrena forbesii,exact,1.0,,
Andrena frigida,andrena frigida,198991,andrena frigida,exact,1.0,,
Andrena fuscicauda,andrena fuscicauda,361397,andrena fuscicauda,exact,1.0,,
"Andrena fuscicauda (Viereck, 1904)",andrena fuscicauda,361397,andrena fuscicauda,exact,1.0,,
"Andrena fuscicauda Viereck, 1904",andrena fuscicauda,361397,andrena fuscicauda,exact,1.0,,
Andrena gordoni,andrena gordoni,573177,andrena gordoni,exact,1.0,,
Andrena helianthi,andrena helianthi,198989,andrena helianthi,exact,1.0,,
Andrena hemileuca,andrena hemileuca,459014,andrena hemileuca,exact,1.0,,
Andrena illinoiensis,andrena illinoiensis,213586,andrena illinoiensis,exact,1.0,,
"Andrena illinoiensis Robertson, 1891",andrena illinoiensis,213586,andrena illinoiensis,exact,1.0,,
"Andrena jennei Viereck, 1917",andrena jennei,573079,andrena jennei,exact,1.0,,
Andrena knuthiana,andrena knuthiana,459015,andrena knuthiana,exact,1.0,,
Andrena melanochroa,andrena melanochroa,198982,andrena melanochroa,exact,1.0,,
"Andrena melanochroa Cockerell, 1898",andrena melanochroa,198982,andrena melanochroa,exact,1.0,,
Andrena microchlora,andrena microchlora,346692,andrena microchlora,exact,1.0,,
"Andrena microchlora Cockerell, 1922",andrena microchlora,346692,andrena microchlora,exact,1.0,,
Andrena milwaukeensis,andrena milwaukeensis,198981,andrena milwaukeensis,exact,1.0,,
"Andrena milwaukeensis Graenicher, 1903",andrena milwaukeensis,198981,andrena milwaukeensis,exact,1.0,,
Andrena miranda,andrena miranda,198980,andrena miranda,exact,1.0,,
"Andrena miranda Smith, 1879",andrena miranda,198980,andrena miranda,exact,1.0,,
Andrena nigrae,andrena nigrae,452917,andrena nigrae,exact,1.0,,
"Andrena nubecula Smith, 1853",andrena nubecula,198973,andrena nubecula,exact,1.0,,
Andrena obsuripostica,andrena obsuripostica,573969,andrena obscuripostica,gbif,0.96,VARIANT,
Andrena orthocarpi,andrena orthocarpi,361405,andrena orthocarpi,exact,1.0,,
"Andrena orthocarpi Cockerell, 1936",andrena orthocarpi,361405,andrena orthocarpi,exact,1.0,,
"Andrena pallidifovea (Viereck, 1904)",andrena pallidifovea,271782,andrena pallidifovea,exact,1.0,,
"Andrena perarmata Cockerell, 1898",andrena perarmata,459018,andrena perarmata,exact,1.0,,
Andrena perplexa,andrena perplexa,198970,andrena perplexa,exact,1.0,,
"Andrena perplexa Smith, 1853",andrena perplexa,198970,andrena perplexa,exact,1.0,,
Andrena pertristis carliniformis,andrena pertristis,213592,andrena pertristis,exact,1.0,,
"Andrena piperi Viereck, 1904",andrena piperi,309141,andrena piperi,exact,1.0,,
Andrena porterae,andrena porterae,459019,andrena porterae,exact,1.0,,
Andrena prolixa,andrena prolixa,573889,andrena prolixa,exact,1.0,,
Andrena prunorum,andrena prunorum,57667,andrena prunorum,exact,1.0,,
"Andrena prunorum Cockerell, 1896",andrena prunorum,57667,andrena prunorum,exact,1.0,,
Andrena prunorum prunorum,andrena prunorum,57667,andrena prunorum,exact,1.0,,
Andrena quintiliformis,andrena quintiliformis,459020,andrena quintiliformis,exact,1.0,,
"Andrena quintiliformis Viereck, 1917",andrena quintiliformis,459020,andrena quintiliformis,exact,1.0,,
Andrena raveni,andrena raveni,573856,andrena raveni,exact,1.0,,
Andrena ribblei,andrena ribblei,573850,andrena ribblei,exact,1.0,,
"Andrena rufosignata Cockerell, 1902",andrena rufosignata,198967,andrena rufosignata,exact,1.0,,
"Andrena schuhi LaBerge, 1980",andrena schuhi,459024,andrena schuhi,exact,1.0,,
Andrena scurra,andrena scurra,213596,andrena scurra,exact,1.0,,
"Andrena semipunctata Cockerell, 1902",andrena semipunctata,361409,andrena semipunctata,exact,1.0,,
Andrena shoshoni,andrena shoshoni,213597,andrena shoshoni,exact,1.0,,
"Andrena sigmundi Cockerell, 1902",andrena sigmundi,198964,andrena sigmundi,exact,1.0,,
Andrena sladeni,andrena sladeni,459026,andrena sladeni,exact,1.0,,
"Andrena sola Viereck, 1917",andrena sola,309108,andrena sola,exact,1.0,,
Andrena striatifrons,andrena striatifrons,459027,andrena striatifrons,exact,1.0,,
"Andrena subaustralis Cockerell, 1898",andrena subaustralis,213598,andrena subaustralis,exact,1.0,,
Andrena subtilis,andrena subtilis,213599,andrena subtilis,exact,1.0,,
Andrena sulcata,andrena sulcata,573719,andrena sulcata,exact,1.0,,
"Andrena surda Cockerell, 1910",andrena surda,271444,andrena surda,exact,1.0,,
"Andrena thaspii Graenicher, 1903",andrena thaspii,198961,andrena thaspii,exact,1.0,,
Andrena topazana,andrena topazana,459028,andrena topazana,exact,1.0,,
"Andrena topazana Cockerell, 1906",andrena topazana,459028,andrena topazana,exact,1.0,,
Andrena trevoris,andrena trevoris,459029,andrena trevoris,exact,1.0,,
"Andrena trevoris Cockerell, 1897",andrena trevoris,459029,andrena trevoris,exact,1.0,,
"Andrena tridens Robertson, 1902",andrena tridens,198960,andrena tridens,exact,1.0,,
Andrena trizonata,andrena trizonata,459030,andrena trizonata,exact,1.0,,
Andrena unknown,andrena unknown,57669,andrena,fuzzy,0.9,,rapidfuzz best match: andrena
"Andrena vicina Smith, 1853",andrena vicina,198958,andrena vicina,exact,1.0,,
Andrena vicinoides,andrena vicinoides,459031,andrena vicinoides,exact,1.0,,
"Andrena vicinoides Viereck, 1904",andrena vicinoides,459031,andrena vicinoides,exact,1.0,,
Andrena walleyi,andrena walleyi,459032,andrena walleyi,exact,1.0,,
"Andrena washingtoni Cockerell, 1901",andrena washingtoni,459033,andrena washingtoni,exact,1.0,,
Andrena w-scripta,andrena w-scripta,198954,andrena w-scripta,exact,1.0,,
"Andrena w-scripta Viereck, 1904",andrena w-scripta,198954,andrena w-scripta,exact,1.0,,
"Anthidiellum notatum (Latreille, 1809)",anthidiellum notatum,270467,anthidiellum notatum,exact,1.0,,
"Anthidiellum notatum robertsoni (Cockerell, 1904)",anthidiellum notatum,270467,anthidiellum notatum,exact,1.0,,
Anthidium atrifrons,anthidium atrifrons,1026414,anthidium atrifrons,exact,1.0,,
Anthidium formosum,anthidium formosum,501960,anthidium formosum,exact,1.0,,
Anthidium manicatum manicatum,anthidium manicatum,62453,anthidium manicatum,exact,1.0,,
"Anthidium mormonum Cresson, 1878",anthidium mormonum,308704,anthidium mormonum,exact,1.0,,
"Anthidium oblongatum (Illiger, 1806)",anthidium oblongatum,125792,anthidium oblongatum,exact,1.0,,
Anthidium tenuiflorae,anthidium tenuiflorae,213763,anthidium tenuiflorae,exact,1.0,,
"Anthidium tenuiflorae Cockerell, 1907",anthidium tenuiflorae,213763,anthidium tenuiflorae,exact,1.0,,
Anthidium utahense,anthidium utahense,271359,anthidium utahense,exact,1.0,,
"Anthidium utahense Swenk, 1914",anthidium utahense,271359,anthidium utahense,exact,1.0,,
Anthidium utanense,anthidium utanense,271359,anthidium utahense,gbif,0.96,VARIANT,
Anthophora bomboides,anthophora bomboides,198855,anthophora bomboides,exact,1.0,,
Anthophora albata,anthophora albata,853190,anthophora albata,exact,1.0,,
"Anthophora albata Cresson, 1876",anthophora albata,853190,anthophora albata,exact,1.0,,
Anthophora crotchii,anthophora crotchii,361434,anthophora crotchii,exact,1.0,,
"Anthophora curta Provancher, 1895",anthophora curta,308948,anthophora curta,exact,1.0,,
Anthophora pacifica,anthophora pacifica,361435,anthophora pacifica,exact,1.0,,
"Anthophora pacifica Cresson, 1879",anthophora pacifica,361435,anthophora pacifica,exact,1.0,,
"Anthophora porterae Cockerell, 1900",anthophora porterae,213791,anthophora porterae,exact,1.0,,
Anthophora terminalis,anthophora terminalis,198854,anthophora terminalis,exact,1.0,,
"Anthophora urbana Cresson, 1879",anthophora urbana,57681,anthophora urbana,exact,1.0,,
"Anthophora ursina Cresson, 1869",anthophora ursina,213792,anthophora ursina,exact,1.0,,
Apis mellifera,apis mellifera,47219,apis mellifera,exact,1.0,,
"Ashmeadiella aridula Cockerell, 1910",ashmeadiella aridula,214385,ashmeadiella aridula,exact,1.0,,
"Ashmeadiella cactorum (Cockerell, 1897)",ashmeadiella cactorum,214387,ashmeadiella cactorum,exact,1.0,,
"Ashmeadiella californica (Ashmead, 1897)",ashmeadiella californica,214388,ashmeadiella californica,exact,1.0,,
Ashmeadiella californica californica,ashmeadiella californica,214388,ashmeadiella californica,exact,1.0,,
"Ashmeadiella cubiceps (Cresson, 1879)",ashmeadiella cubiceps,308117,ashmeadiella cubiceps,exact,1.0,,
Ashmeadiella foxiella,ashmeadiella foxiella,1030937,ashmeadiella foxiella,exact,1.0,,
"Ashmeadiella meliloti (Cockerell, 1897)",ashmeadiella meliloti,271067,ashmeadiella meliloti,exact,1.0,,
Ashmeadiella timberlakei,ashmeadiella timberlakei,1030938,ashmeadiella timberlakei,exact,1.0,,
"Atoposmia elongata (Michener, 1936)",atoposmia elongata,1023978,atoposmia elongata,exact,1.0,,
Bombus appositus,bombus appositus,320050,bombus appositus,exact,1.0,,
"Bombus appositus Cresson, 1879",bombus appositus,320050,bombus appositus,exact,1.0,,
"Bombus californicus Smith, 1854",bombus californicus,124420,bombus californicus,exact,1.0,,
Bombus caliginosus,bombus caliginosus,344228,bombus caliginosus,exact,1.0,,
"Bombus centralis Cresson, 1864",bombus centralis,321463,bombus centralis,exact,1.0,,
Bombus fervidus,bombus fervidus,52774,bombus fervidus,exact,1.0,,
Bombus flavidus,bombus flavidus,541839,bombus flavidus,exact,1.0,,
"Bombus flavidus Eversmann, 1852",bombus flavidus,541839,bombus flavidus,exact,1.0,,
"Bombus frigidus Smith, 1854",bombus frigidus,433293,bombus frigidus,exact,1.0,,
Bombus griseocollis,bombus griseocollis,120215,bombus griseocollis,exact,1.0,,
Bombus huntii,bombus huntii,154043,bombus huntii,exact,1.0,,
Bombus impatiens,bombus impatiens,118970,bombus impatiens,exact,1.0,,
"Bombus kirbiellus Curtis, 1835",bombus kirbiellus,704572,bombus kirbiellus,exact,1.0,,
Bombus melanopygus,bombus melanopygus,130222,bombus melanopygus,exact,1.0,,
"Bombus melanopygus Nylander, 1848",bombus melanopygus,130222,bombus melanopygus,exact,1.0,,
bombus mixtus,bombus mixtus,319125,bombus mixtus,exact,1.0,,
"Bombus morrisoni Cresson, 1879",bombus morrisoni,324278,bombus morrisoni,exact,1.0,,
"Bombus nevadensis Cresson, 1874",bombus nevadensis,341001,bombus nevadensis,exact,1.0,,
"Bombus occidentalis Greene, 1858",bombus occidentalis,82371,bombus occidentalis,exact,1.0,,
Bombus occidentalis occidentalis,bombus occidentalis,82371,bombus occidentalis,exact,1.0,,
"Bombus sitkensis Nylander, 1848",bombus sitkensis,142269,bombus sitkensis,exact,1.0,,
Bombus suckleyi,bombus suckleyi,452445,bombus suckleyi,exact,1.0,,
Bombus sylvicola,bombus sylvicola,450489,bombus sylvicola,exact,1.0,,
"Bombus sylvicola Kirby, 1837",bombus sylvicola,450489,bombus sylvicola,exact,1.0,,
Bombus vagans,bombus vagans,128670,bombus vagans,exact,1.0,,
Bombus vancouverensis,bombus vancouverensis,1020304,bombus vancouverensis,exact,1.0,,
"Bombus vancouverensis nearcticus Handlirsch, 1888",bombus vancouverensis,1020304,bombus vancouverensis,exact,1.0,,
"Bombus vandykei (Frison, 1927)",bombus vandykei,125138,bombus vandykei,exact,1.0,,
"Brachymelecta californica (Cresson, 1878)",brachymelecta californica,1255700,brachymelecta californica,exact,1.0,,
"Calliopsis personata Cockerell, 1897",calliopsis personata,215759,calliopsis personata,exact,1.0,,
"Calliopsis personatus Cockerell, 1897",calliopsis personatus,215759,calliopsis personata,gbif,0.98,VARIANT,
Calliopsis scutellaris,calliopsis scutellaris,309004,calliopsis scutellaris,exact,1.0,,
"Ceratina acantha Provancher, 1895",ceratina acantha,309461,ceratina acantha,exact,1.0,,
Ceratina pacifica,ceratina pacifica,361440,ceratina pacifica,exact,1.0,,
"Ceratina pacifica H.S.Smith, 1907",ceratina pacifica,361440,ceratina pacifica,exact,1.0,,
Ceratina sequoiae,ceratina sequoiae,361442,ceratina sequoiae,exact,1.0,,
Chelostoma minutum,chelostoma minutum,459048,chelostoma minutum,exact,1.0,,
"Chelostoma minutum Crawford, 1916",chelostoma minutum,459048,chelostoma minutum,exact,1.0,,
"Coelioxys grindeliae Cockerell, 1900",coelioxys grindeliae,626629,coelioxys grindeliae,exact,1.0,,
Coelioxys sodalis,coelioxys sodalis,626758,coelioxys sodalis,exact,1.0,,
"Coelioxys sodalis Cresson, 1878",coelioxys sodalis,626758,coelioxys sodalis,exact,1.0,,
Colletes consors pascoensis,colletes consors,199044,colletes consors,exact,1.0,,
"Colletes gypsicolens Cockerell, 1897",colletes gypsicolens,459061,colletes gypsicolens,exact,1.0,,
Colletes hyalinus oregonensis,colletes hyalinus,217441,colletes hyalinus,exact,1.0,,
"Colletes hyalinus oregonensis Timberlake, 1951",colletes hyalinus,217441,colletes hyalinus,exact,1.0,,
"Colletes inaequalis Say, 1837",colletes inaequalis,199041,colletes inaequalis,exact,1.0,,
Colletes kincaidii,colletes kincaidii,199040,colletes kincaidii,exact,1.0,,
"Colletes kincaidii Cockerell, 1898",colletes kincaidii,199040,colletes kincaidii,exact,1.0,,
Colletes lutzi interior,colletes lutzi,847834,colletes lutzi,exact,1.0,,
"Colletes lutzi interior Timberlake, 1951",colletes lutzi,847834,colletes lutzi,exact,1.0,,
"Colletes nigrifrons Titus, 1900",colletes nigrifrons,217444,colletes nigrifrons,exact,1.0,,
Colletes paniscus sculleni,colletes paniscus,217446,colletes paniscus,exact,1.0,,
"Colletes paniscus sculleni Timberlake, 1951",colletes paniscus,217446,colletes paniscus,exact,1.0,,
"Colletes paniscus Viereck, 1903",colletes paniscus,217446,colletes paniscus,exact,1.0,,
Colletes simulans nevadensis,colletes simulans,179699,colletes simulans,exact,1.0,,
Colletes sleveni,colletes sleveni,179704,colletes slevini,gbif,0.96,VARIANT,
"Diadasia enavata (Cresson, 1872)",diadasia enavata,135310,diadasia enavata,exact,1.0,,
Diadasia nigrifrons,diadasia nigrifrons,888396,diadasia nigrifrons,exact,1.0,,
Diadasia nitidifrons,diadasia nitidifrons,361447,diadasia nitidifrons,exact,1.0,,
Dianthidium parvum,dianthidium parvum,308856,dianthidium parvum,exact,1.0,,
"Dianthidium plenum Timberlake, 1943",dianthidium plenum,459059,dianthidium plenum,exact,1.0,,
Dianthidium subparvum,dianthidium subparvum,271475,dianthidium subparvum,exact,1.0,,
"Dianthidium subparvum Swenk, 1914",dianthidium subparvum,271475,dianthidium subparvum,exact,1.0,,
Dioxys pacificus,dioxys pacificus,307423,dioxys pacificus,exact,1.0,,
"Dioxys pomonae Cockerell, 1910",dioxys pomonae,270651,dioxys pomonae,exact,1.0,,
Dufourea campanulae,dufourea campanulae,1037841,dufourea campanulae,exact,1.0,,
"Epeolus novomexicanus Cockerell, 1912",epeolus novomexicanus,924639,epeolus novomexicanus,exact,1.0,,
Epimelissodes obliqua expurgata,epimelissodes obliqua,1630911,epimelissodes obliqua,exact,1.0,,
"Epimelissodes obliqua expurgata (Cockerell, 1925)",epimelissodes obliqua,1630911,epimelissodes obliqua,exact,1.0,,
Eucera  edwardsii,eucera edwardsii,309407,eucera edwardsii,exact,1.0,,
Eucera actuosa,eucera actuosa,345432,eucera actuosa,exact,1.0,,
"Eucera actuosa (Cresson, 1879)",eucera actuosa,345432,eucera actuosa,exact,1.0,,
Eucera amsinckiae,eucera amsinckiae,271788,eucera amsinckiae,exact,1.0,,
"Eucera angustifrons (Timberlake, 1969)",eucera angustifrons,309406,eucera angustifrons,exact,1.0,,
Eucera delphinii,eucera delphinii,361450,eucera delphinii,exact,1.0,,
Eucera douglasiana,eucera douglasiana,459073,eucera douglasiana,exact,1.0,,
Eucera edwardsii,eucera edwardsii,309407,eucera edwardsii,exact,1.0,,
"Eucera edwardsii (Cresson, 1879)",eucera edwardsii,309407,eucera edwardsii,exact,1.0,,
Eucera frater,eucera frater,453648,eucera frater,exact,1.0,,
"Eucera frater (Cresson, 1879)",eucera frater,453648,eucera frater,exact,1.0,,
Eucera frater frater,eucera frater,453648,eucera frater,exact,1.0,,
"Eucera frater lata (Provancher, 1888)",eucera frater,453648,eucera frater,exact,1.0,,
Eucera fulvitarsis,eucera fulvitarsis,453649,eucera fulvitarsis,exact,1.0,,
"Eucera fulvitarsis (Cresson, 1879)",eucera fulvitarsis,453649,eucera fulvitarsis,exact,1.0,,
Eucera fulvitarsis fulvitarsis,eucera fulvitarsis,453649,eucera fulvitarsis,exact,1.0,,
"Eucera speciosa (Cresson, 1879)",eucera speciosa,459078,eucera speciosa,exact,1.0,,
"Habropoda cineraria (Smith, 1879)",habropoda cineraria,458980,habropoda cineraria,exact,1.0,,
"Habropoda cressonii (Dalla Torre, 1896)",habropoda cressonii,1339178,habropoda cressonii,exact,1.0,,
Habropoda morrisoni,habropoda morrisoni,1339177,habropoda morrisoni,exact,1.0,,
"Habropoda morrisoni (Cresson, 1879)",habropoda morrisoni,1339177,habropoda morrisoni,exact,1.0,,
"Halictus ligatus Say, 1837",halictus ligatus,154298,halictus ligatus,exact,1.0,,
"Halictus rubicundus (Christ, 1791)",halictus rubicundus,127747,halictus rubicundus,exact,1.0,,
Halictus tripartitus,halictus tripartitus,309390,halictus tripartitus,exact,1.0,,
"Halictus tripartitus Cockerell, 1895",halictus tripartitus,309390,halictus tripartitus,exact,1.0,,
"Heriades carinata Cresson, 1864",heriades carinata,203204,heriades carinata,exact,1.0,,
"Heriades cressoni Michener, 1938",heriades cressoni,459047,heriades cressoni,exact,1.0,,
Heriades variolosa,heriades variolosa,309157,heriades variolosa,exact,1.0,,
Hoplitis albifrons,hoplitis albifrons,199150,hoplitis albifrons,exact,1.0,,
"Hoplitis albifrons (Kirby, 1837)",hoplitis albifrons,199150,hoplitis albifrons,exact,1.0,,
Hoplitis hypocrita,hoplitis hypocrita,361559,hoplitis hypocrita,exact,1.0,,
Hoplitis orthognatha,hoplitis orthognatha,711280,hoplitis orthognatha,exact,1.0,,
Hoplitis producta,hoplitis producta,199139,hoplitis producta,exact,1.0,,
"Hoplitis producta (Cresson, 1864)",hoplitis producta,199139,hoplitis producta,exact,1.0,,
Hoplitis spoliata,hoplitis spoliata,199138,hoplitis spoliata,exact,1.0,,
Hoplitis viridimicans,hoplitis viridimicans,1339207,hoplitis viridimicans,exact,1.0,,
"Hylaeus affinis (Smith, 1853)",hylaeus affinis,199054,hylaeus affinis,exact,1.0,,
"Hylaeus basalis (Smith, 1853)",hylaeus basalis,199052,hylaeus basalis,exact,1.0,,
Hylaeus coloradensis,hylaeus coloradensis,361469,hylaeus coloradensis,exact,1.0,,
Hylaeus episcopalis,hylaeus episcopalis,271747,hylaeus episcopalis,exact,1.0,,
Hylaeus granulatus,hylaeus granulatus,361478,hylaeus granulatus,exact,1.0,,
"Hylaeus leptocephalus (Morawitz, 1870)",hylaeus leptocephalus,199050,hylaeus leptocephalus,exact,1.0,,
Hylaeus nevadensis,hylaeus nevadensis,361479,hylaeus nevadensis,exact,1.0,,
"Hylaeus wootoni (Cockerell, 1896)",hylaeus wootoni,221919,hylaeus wootoni,exact,1.0,,
Lasioglossum  olympiae,lasioglossum olympiae,459098,lasioglossum olympiae,exact,1.0,,
Lasioglossum  sisymbrii,lasioglossum sisymbrii,222681,lasioglossum sisymbrii,exact,1.0,,
"Lasioglossum aberrans (Crawford, 1903)",lasioglossum aberrans,308914,lasioglossum aberrans,exact,1.0,,
"Lasioglossum albipenne (Robertson, 1890)",lasioglossum albipenne,199111,lasioglossum albipenne,exact,1.0,,
Lasioglossum albohirtum,lasioglossum albohirtum,453635,lasioglossum albohirtum,exact,1.0,,
"Lasioglossum anhypops McGinley, 1986",lasioglossum anhypops,453650,lasioglossum anhypops,exact,1.0,,
"Lasioglossum colatum (Vachal, 1904)",lasioglossum colatum,222674,lasioglossum colatum,exact,1.0,,
"Lasioglossum cooleyi (Crawford, 1906)",lasioglossum cooleyi,459084,lasioglossum cooleyi,exact,1.0,,
"Lasioglossum cressonii (Robertson, 1890)",lasioglossum cressonii,199102,lasioglossum cressonii,exact,1.0,,
Lasioglossum egregium,lasioglossum egregium,361492,lasioglossum egregium,exact,1.0,,
Lasioglossum helianthi,lasioglossum helianthi,1426170,lasioglossum helianthi,exact,1.0,,
Lasioglossum heterorhinum,lasioglossum heterorhinum,271600,lasioglossum heterorhinum,exact,1.0,,
"Lasioglossum incompletum (Crawford, 1907)",lasioglossum incompletum,271464,lasioglossum incompletum,exact,1.0,,
Lasioglossum inconditum,lasioglossum inconditum,459094,lasioglossum inconditum,exact,1.0,,
"Lasioglossum kincaidii (Cockerell, 1898)",lasioglossum kincaidii,271509,lasioglossum kincaidii,exact,1.0,,
Lasioglossum knereri,lasioglossum knereri,459095,lasioglossum knereri,exact,1.0,,
Lasioglossum laevissimum,lasioglossum laevissimum,199097,lasioglossum laevissimum,exact,1.0,,
Lasioglossum macroprosopum,lasioglossum macroprosopum,459083,lasioglossum macroprosopum,exact,1.0,,
"Lasioglossum mellipes (Crawford, 1907)",lasioglossum mellipes,309073,lasioglossum mellipes,exact,1.0,,
Lasioglossum nevadense,lasioglossum nevadense,271467,lasioglossum nevadense,exact,1.0,,
"Lasioglossum nevadense (Crawford, 1907)",lasioglossum nevadense,271467,lasioglossum nevadense,exact,1.0,,
"Lasioglossum occultum (Vachal, 1904)",lasioglossum occultum,1339253,lasioglossum occultum,exact,1.0,,
Lasioglossum olympiae,lasioglossum olympiae,459098,lasioglossum olympiae,exact,1.0,,
"Lasioglossum olympiae (Cockerell, 1898)",lasioglossum olympiae,459098,lasioglossum olympiae,exact,1.0,,
"Lasioglossum orthocarpi (Michener, 1936)",lasioglossum orthocarpi,1339030,lasioglossum orthocarpi,exact,1.0,,
"Lasioglossum punctatoventre (Crawford, 1907)",lasioglossum punctatoventre,271072,lasioglossum punctatoventre,exact,1.0,,
Lasioglossum reasbeckae,lasioglossum reasbeckae,459112,lasioglossum reasbeckae,exact,1.0,,
Lasioglossum sedi,lasioglossum sedi,459114,lasioglossum sedi,exact,1.0,,
"Lasioglossum sedi (Sandhouse, 1924)",lasioglossum sedi,459114,lasioglossum sedi,exact,1.0,,
"Lasioglossum sequoiae (Michener, 1936)",lasioglossum sequoiae,1339267,lasioglossum sequoiae,exact,1.0,,
Lasioglossum sisymbrii,lasioglossum sisymbrii,222681,lasioglossum sisymbrii,exact,1.0,,
"Lasioglossum tegulariforme (Crawford, 1907)",lasioglossum tegulariforme,271075,lasioglossum tegulariforme,exact,1.0,,
Lasioglossum titusi,lasioglossum titusi,309077,lasioglossum titusi,exact,1.0,,
Lasioglossum zonulus,lasioglossum zonulus,1453118,lasioglossum zonulus,exact,1.0,,
"Macropis steironematis opaca Michener, 1938",macropis steironematis,1308774,macropis steironematis,exact,1.0,,
Megachile angelarum,megachile angelarum,271430,megachile angelarum,exact,1.0,,
"Megachile apicalis Spinola, 1808",megachile apicalis,335714,megachile apicalis,exact,1.0,,
Megachile brevis,megachile brevis,57673,megachile brevis,exact,1.0,,
Megachile brevis brevis,megachile brevis,57673,megachile brevis,exact,1.0,,
"Megachile brevis Say, 1837",megachile brevis,57673,megachile brevis,exact,1.0,,
"Megachile centuncularis (Linnaeus, 1758)",megachile centuncularis,124406,megachile centuncularis,exact,1.0,,
"Megachile concinna Smith, 1879",megachile concinna,308913,megachile concinna,exact,1.0,,
Megachile coquilletti,megachile coquilletti,361566,megachile coquilletti,exact,1.0,,
"Megachile coquilletti Cockerell, 1915",megachile coquilletti,361566,megachile coquilletti,exact,1.0,,
"Megachile dentitarsus Sladen, 1919",megachile dentitarsus,459127,megachile dentitarsus,exact,1.0,,
"Megachile fidelis Cresson, 1878",megachile fidelis,309381,megachile fidelis,exact,1.0,,
Megachile gemula,megachile gemula,199135,megachile gemula,exact,1.0,,
"Megachile gemula Cresson, 1878",megachile gemula,199135,megachile gemula,exact,1.0,,
Megachile gemula cressonii,megachile gemula,199135,megachile gemula,exact,1.0,,
Megachile gemula fulvogemula,megachile gemula,199135,megachile gemula,exact,1.0,,
"Megachile gravita Mitchell, 1934",megachile gravita,361598,megachile gravita,exact,1.0,,
"Megachile melanophaea Smith, 1853",megachile melanophaea,199132,megachile melanophaea,exact,1.0,,
Megachile parallela,megachile parallela,203033,megachile parallela,exact,1.0,,
"Megachile parallela Smith, 1853",megachile parallela,203033,megachile parallela,exact,1.0,,
"Megachile pascoensis Mitchell, 1934",megachile pascoensis,361579,megachile pascoensis,exact,1.0,,
Megachile perihirta,megachile perihirta,224501,megachile perihirta,exact,1.0,,
Megachile pugnata,megachile pugnata,198850,megachile pugnata,exact,1.0,,
"Megachile rotundata (Fabricius, 1793)",megachile rotundata,52783,megachile rotundata,exact,1.0,,
Megachile snowi,megachile snowi,556550,megachile snowi,exact,1.0,,
Megachile subnigra,megachile subnigra,224502,megachile subnigra,exact,1.0,,
"Megachile texana Cresson, 1878",megachile texana,199128,megachile texana,exact,1.0,,
Megachile umatillensis,megachile umatillensis,271627,megachile umatillensis,exact,1.0,,
"Megachile umatillensis (Mitchell, 1927)",megachile umatillensis,271627,megachile umatillensis,exact,1.0,,
"Melecta pacifica Cresson, 1879",melecta pacifica,236822,melecta pacifica,exact,1.0,,
Melecta pacifica fulvida,melecta pacifica,236822,melecta pacifica,exact,1.0,,
Melecta separata separata,melecta separata,361455,melecta separata,exact,1.0,,
"Melecta thoracica Cresson, 1875",melecta thoracica,459065,melecta thoracica,exact,1.0,,
"Melissodes agilis Cresson, 1879",melissodes agilis,52780,melissodes agilis,exact,1.0,,
Melissodes bimatris,melissodes bimatris,224857,melissodes bimatris,exact,1.0,,
"Melissodes communis Cresson, 1879",melissodes communis,224858,melissodes communis,exact,1.0,,
Melissodes dagosa,melissodes dagosa,747239,melissodes dagosus,gbif,0.98,VARIANT,
Melissodes glenwoodensis,melissodes glenwoodensis,747204,melissodes glenwoodensis,exact,1.0,,
Melissodes grindeliae,melissodes grindeliae,224861,melissodes grindeliae,exact,1.0,,
Melissodes lupinus,melissodes lupinus,709268,melissodes lupinus,exact,1.0,,
"Melissodes lupinus Cresson, 1879",melissodes lupinus,709268,melissodes lupinus,exact,1.0,,
Melissodes menuachus,melissodes menuachus,224865,melissodes menuachus,exact,1.0,,
"Melissodes metenuus Cockerell, 1923",melissodes metenuus,747205,melissodes metenuus,exact,1.0,,
"Melissodes microstictus Cockerell, 1783",melissodes microstictus,747170,melissodes microstictus,exact,1.0,,
"Melissodes microstictus Cockerell, 1788",melissodes microstictus,747170,melissodes microstictus,exact,1.0,,
"Melissodes microstictus Cockerell, 1790",melissodes microstictus,747170,melissodes microstictus,exact,1.0,,
"Melissodes microstictus Cockerell, 1791",melissodes microstictus,747170,melissodes microstictus,exact,1.0,,
"Melissodes microstictus Cockerell, 1792",melissodes microstictus,747170,melissodes microstictus,exact,1.0,,
"Melissodes microstictus Cockerell, 1793",melissodes microstictus,747170,melissodes microstictus,exact,1.0,,
"Melissodes microstictus Cockerell, 1794",melissodes microstictus,747170,melissodes microstictus,exact,1.0,,
"Melissodes microstictus Cockerell, 1795",melissodes microstictus,747170,melissodes microstictus,exact,1.0,,
"Melissodes microstictus Cockerell, 1798",melissodes microstictus,747170,melissodes microstictus,exact,1.0,,
"Melissodes microstictus Cockerell, 1799",melissodes microstictus,747170,melissodes microstictus,exact,1.0,,
"Melissodes microstictus Cockerell, 1802",melissodes microstictus,747170,melissodes microstictus,exact,1.0,,
"Melissodes microstictus Cockerell, 1804",melissodes microstictus,747170,melissodes microstictus,exact,1.0,,
"Melissodes microstictus Cockerell, 1805",melissodes microstictus,747170,melissodes microstictus,exact,1.0,,
"Melissodes microstictus Cockerell, 1806",melissodes microstictus,747170,melissodes microstictus,exact,1.0,,
"Melissodes microstictus Cockerell, 1807",melissodes microstictus,747170,melissodes microstictus,exact,1.0,,
"Melissodes microstictus Cockerell, 1810",melissodes microstictus,747170,melissodes microstictus,exact,1.0,,
"Melissodes microstictus Cockerell, 1814",melissodes microstictus,747170,melissodes microstictus,exact,1.0,,
"Melissodes microstictus Cockerell, 1816",melissodes microstictus,747170,melissodes microstictus,exact,1.0,,
"Melissodes microstictus Cockerell, 1817",melissodes microstictus,747170,melissodes microstictus,exact,1.0,,
"Melissodes microstictus Cockerell, 1819",melissodes microstictus,747170,melissodes microstictus,exact,1.0,,
"Melissodes microstictus Cockerell, 1822",melissodes microstictus,747170,melissodes microstictus,exact,1.0,,
"Melissodes microstictus Cockerell, 1823",melissodes microstictus,747170,melissodes microstictus,exact,1.0,,
"Melissodes microstictus Cockerell, 1829",melissodes microstictus,747170,melissodes microstictus,exact,1.0,,
"Melissodes microstictus Cockerell, 1830",melissodes microstictus,747170,melissodes microstictus,exact,1.0,,
"Melissodes microstictus Cockerell, 1831",melissodes microstictus,747170,melissodes microstictus,exact,1.0,,
"Melissodes microstictus Cockerell, 1832",melissodes microstictus,747170,melissodes microstictus,exact,1.0,,
"Melissodes microstictus Cockerell, 1833",melissodes microstictus,747170,melissodes microstictus,exact,1.0,,
"Melissodes microstictus Cockerell, 1836",melissodes microstictus,747170,melissodes microstictus,exact,1.0,,
"Melissodes microstictus Cockerell, 1837",melissodes microstictus,747170,melissodes microstictus,exact,1.0,,
"Melissodes microstictus Cockerell, 1838",melissodes microstictus,747170,melissodes microstictus,exact,1.0,,
"Melissodes microstictus Cockerell, 1842",melissodes microstictus,747170,melissodes microstictus,exact,1.0,,
"Melissodes microstictus Cockerell, 1848",melissodes microstictus,747170,melissodes microstictus,exact,1.0,,
"Melissodes microstictus Cockerell, 1850",melissodes microstictus,747170,melissodes microstictus,exact,1.0,,
"Melissodes microstictus Cockerell, 1852",melissodes microstictus,747170,melissodes microstictus,exact,1.0,,
"Melissodes microstictus Cockerell, 1855",melissodes microstictus,747170,melissodes microstictus,exact,1.0,,
"Melissodes microstictus Cockerell, 1858",melissodes microstictus,747170,melissodes microstictus,exact,1.0,,
"Melissodes microstictus Cockerell, 1859",melissodes microstictus,747170,melissodes microstictus,exact,1.0,,
"Melissodes microstictus Cockerell, 1861",melissodes microstictus,747170,melissodes microstictus,exact,1.0,,
"Melissodes microstictus Cockerell, 1863",melissodes microstictus,747170,melissodes microstictus,exact,1.0,,
"Melissodes microstictus Cockerell, 1864",melissodes microstictus,747170,melissodes microstictus,exact,1.0,,
"Melissodes microstictus Cockerell, 1865",melissodes microstictus,747170,melissodes microstictus,exact,1.0,,
"Melissodes microstictus Cockerell, 1867",melissodes microstictus,747170,melissodes microstictus,exact,1.0,,
"Melissodes microstictus Cockerell, 1868",melissodes microstictus,747170,melissodes microstictus,exact,1.0,,
"Melissodes microstictus Cockerell, 1870",melissodes microstictus,747170,melissodes microstictus,exact,1.0,,
"Melissodes microstictus Cockerell, 1871",melissodes microstictus,747170,melissodes microstictus,exact,1.0,,
"Melissodes microstictus Cockerell, 1874",melissodes microstictus,747170,melissodes microstictus,exact,1.0,,
"Melissodes microstictus Cockerell, 1876",melissodes microstictus,747170,melissodes microstictus,exact,1.0,,
"Melissodes microstictus Cockerell, 1879",melissodes microstictus,747170,melissodes microstictus,exact,1.0,,
"Melissodes microstictus Cockerell, 1883",melissodes microstictus,747170,melissodes microstictus,exact,1.0,,
"Melissodes microstictus Cockerell, 1885",melissodes microstictus,747170,melissodes microstictus,exact,1.0,,
"Melissodes microstictus Cockerell, 1888",melissodes microstictus,747170,melissodes microstictus,exact,1.0,,
"Melissodes microstictus Cockerell, 1892",melissodes microstictus,747170,melissodes microstictus,exact,1.0,,
"Melissodes microstictus Cockerell, 1894",melissodes microstictus,747170,melissodes microstictus,exact,1.0,,
"Melissodes microstictus Cockerell, 1898",melissodes microstictus,747170,melissodes microstictus,exact,1.0,,
"Melissodes microstictus Cockerell, 1901",melissodes microstictus,747170,melissodes microstictus,exact,1.0,,
"Melissodes microstictus Cockerell, 1902",melissodes microstictus,747170,melissodes microstictus,exact,1.0,,
Melissodes microstitus,melissodes microstitus,747170,melissodes microstictus,gbif,0.96,VARIANT,
Melissodes pallidisgnatus,melissodes pallidisgnatus,1341026,melissodes pallidisignatus,gbif,0.96,VARIANT,
"Melissodes pallidisignatus Cockerell, 1905",melissodes pallidisignatus,1341026,melissodes pallidisignatus,exact,1.0,,
Melissodes rivalis,melissodes rivalis,224868,melissodes rivalis,exact,1.0,,
Melissodes semilupinus,melissodes semilupinus,747190,melissodes semilupinus,exact,1.0,,
Nomada aldrichi,nomada aldrichi,459138,nomada aldrichi,exact,1.0,,
Nomada bella,nomada bella,1426453,nomada bella,exact,1.0,,
Nomada civilis,nomada civilis,1447866,nomada civilis,exact,1.0,,
"Nomada civilis spokanensis Cockerell, 1910",nomada civilis,1447866,nomada civilis,exact,1.0,,
"Nomada collinsiana Cockerell, 1905",nomada collinsiana,1028061,nomada collinsiana,exact,1.0,,
Nomada cuneata,nomada cuneata,1426456,nomada cuneata,exact,1.0,,
"Nomada edwardsii Cresson, 1878",nomada edwardsii,1426379,nomada edwardsii,exact,1.0,,
Nomada edwardsii edwardsii,nomada edwardsii,1426379,nomada edwardsii,exact,1.0,,
Nomada erythrochroa,nomada erythrochroa,1339338,nomada erythrochroa,exact,1.0,,
"Nomada erythrochroa Cockerell, 1903",nomada erythrochroa,1339338,nomada erythrochroa,exact,1.0,,
"Nomada grayi eastonensis Cockerell, 1903",nomada grayi,1030777,nomada grayi,exact,1.0,,
Nomada hesperia hesperia,nomada hesperia,1339352,nomada hesperia,exact,1.0,,
"Nomada itamera Cockerell, 1910",nomada itamera,1339357,nomada itamera,exact,1.0,,
"Nomada kincaidiana Cockerell, 1903",nomada kincaidiana,1588468,nomada kincaidiana,exact,1.0,,
"Nomada malonella Cockerell, 1910",nomada malonella,1339372,nomada malonella,exact,1.0,,
Nomada mutans,nomada mutans,1426451,nomada mutans,exact,1.0,,
"Nomada orcusella Cockerell, 1910",nomada orcusella,1339395,nomada orcusella,exact,1.0,,
"Nomada pascoensis Cockerell, 1903",nomada pascoensis,880853,nomada pascoensis,exact,1.0,,
"Nomada perplexans Cockerell, 1910",nomada perplexans,1339407,nomada perplexans,exact,1.0,,
Nomada pulsatillae,nomada pulsatillae,1447850,nomada pulsatillae,exact,1.0,,
Nomada rivalis,nomada rivalis,1339416,nomada rivalis,exact,1.0,,
"Nomada scita Cresson, 1878",nomada scita,1339034,nomada scita,exact,1.0,,
Nomada ultima,nomada ultima,1030778,nomada ultima,exact,1.0,,
"Nomada washingtoni Cockerell, 1903",nomada washingtoni,1339464,nomada washingtoni,exact,1.0,,
Osmia aglaia,osmia aglaia,628304,osmia aglaia,exact,1.0,,
"Osmia atriventris Cresson, 1864",osmia atriventris,199126,osmia atriventris,exact,1.0,,
Osmia atrocyanea atrocyanea,osmia atrocyanea,361572,osmia atrocyanea,exact,1.0,,
"Osmia atrocyanea Cockerell, 1897",osmia atrocyanea,361572,osmia atrocyanea,exact,1.0,,
"Osmia bella Cresson, 1878",osmia bella,453739,osmia bella,exact,1.0,,
"Osmia brevis Cresson, 1864",osmia brevis,361576,osmia brevis,exact,1.0,,
"Osmia bruneri Cockerell, 1897",osmia bruneri,452714,osmia bruneri,exact,1.0,,
"Osmia caerulescens (Linnaeus, 1758)",osmia caerulescens,199124,osmia caerulescens,exact,1.0,,
"Osmia cahuilla Cooper, 1993",osmia cahuilla,345175,osmia cahuilla,exact,1.0,,
Osmia californica,osmia californica,226664,osmia californica,exact,1.0,,
"Osmia californica Cresson, 1864",osmia californica,226664,osmia californica,exact,1.0,,
"Osmia cyanella Cockerell, 1897",osmia cyanella,361599,osmia cyanella,exact,1.0,,
"Osmia cyanopoda Cockerell, 1916",osmia cyanopoda,361600,osmia cyanopoda,exact,1.0,,
Osmia dakotensis,osmia dakotensis,628306,osmia dakotensis,exact,1.0,,
"Osmia dolerosa Sandhouse, 1939",osmia dolerosa,345174,osmia dolerosa,exact,1.0,,
"Osmia ednae Cockerell, 1907",osmia ednae,453652,osmia ednae,exact,1.0,,
Osmia exigua,osmia exigua,344904,osmia exigua,exact,1.0,,
"Osmia grindeliae Cockerell, 1910",osmia grindeliae,226671,osmia grindeliae,exact,1.0,,
"Osmia inermis (Zetterstedt, 1838)",osmia inermis,199121,osmia inermis,exact,1.0,,
"Osmia integra Cresson, 1878",osmia integra,226673,osmia integra,exact,1.0,,
"Osmia inurbana Cresson, 1878",osmia inurbana,452754,osmia inurbana,exact,1.0,,
"Osmia iridis Cockerell & Titus, 1902",osmia iridis,505138,osmia iridis,exact,1.0,,
"Osmia lignaria Say, 1837",osmia lignaria,121507,osmia lignaria,exact,1.0,,
"Osmia malina Cockerell, 1909",osmia malina,361608,osmia malina,exact,1.0,,
"Osmia marginipennis Cresson, 1878",osmia marginipennis,308800,osmia marginipennis,exact,1.0,,
Osmia montana,osmia montana,226675,osmia montana,exact,1.0,,
"Osmia montana Cresson, 1864",osmia montana,226675,osmia montana,exact,1.0,,
Osmia nanula,osmia nanula,226676,osmia nanula,exact,1.0,,
"Osmia nanula Cockerell, 1897",osmia nanula,226676,osmia nanula,exact,1.0,,
"Osmia nemoris Sandhouse, 1924",osmia nemoris,345173,osmia nemoris,exact,1.0,,
Osmia nigrifrons,osmia nigrifrons,361609,osmia nigrifrons,exact,1.0,,
"Osmia nigrifrons Cresson, 1878",osmia nigrifrons,361609,osmia nigrifrons,exact,1.0,,
"Osmia obliqua White, 1952",osmia obliqua,452758,osmia obliqua,exact,1.0,,
"Osmia odontogaster Cockerell, 1897",osmia odontogaster,361610,osmia odontogaster,exact,1.0,,
"Osmia paradisica Sandhouse, 1924",osmia paradisica,226678,osmia paradisica,exact,1.0,,
Osmia penstemonis,osmia penstemonis,452759,osmia pentstemonis,gbif,0.96,VARIANT,
"Osmia pentstemonis Cockerell, 1906",osmia pentstemonis,452759,osmia pentstemonis,exact,1.0,,
Osmia pikei,osmia pikei,452760,osmia pikei,exact,1.0,,
"Osmia pulsatillae Cockerell, 1907",osmia pulsatillae,452761,osmia pulsatillae,exact,1.0,,
Osmia pusilla,osmia pusilla,361611,osmia pusilla,exact,1.0,,
"Osmia pusilla Cresson, 1864",osmia pusilla,361611,osmia pusilla,exact,1.0,,
Osmia raritatis,osmia raritatis,361612,osmia raritatis,exact,1.0,,
"Osmia regulina Cockerell, 1911",osmia regulina,361613,osmia regulina,exact,1.0,,
"Osmia sculleni Sandhouse, 1939",osmia sculleni,452762,osmia sculleni,exact,1.0,,
Osmia sedula,osmia sedula,452763,osmia sedula,exact,1.0,,
Osmia simillima,osmia simillima,198851,osmia simillima,exact,1.0,,
"Osmia simillima Smith, 1853",osmia simillima,198851,osmia simillima,exact,1.0,,
Osmia subaustralis,osmia subaustralis,226682,osmia subaustralis,exact,1.0,,
Osmia thysanisca,osmia thysanisca,226685,osmia thysanisca,exact,1.0,,
"Osmia thysanisca Michener, 1957",osmia thysanisca,226685,osmia thysanisca,exact,1.0,,
Osmia trevoris,osmia trevoris,226686,osmia trevoris,exact,1.0,,
"Osmia trifoliama Sandhouse, 1939",osmia trifoliama,1037880,osmia trifoliama,exact,1.0,,
Osmia unca,osmia unca,452764,osmia unca,exact,1.0,,
Panurginus cf. atriceps,panurginus,252761,panurginus,exact,1.0,,
Panurginus ineptus,panurginus ineptus,459037,panurginus ineptus,exact,1.0,,
Perdita ciliata,perdita ciliata,571999,perdita ciliata,exact,1.0,,
"Perdita nevadensis Cockerell, 1896",perdita nevadensis,458984,perdita nevadensis,exact,1.0,,
Perdita nevadensis nevadensis,perdita nevadensis,458984,perdita nevadensis,exact,1.0,,
Perdita wyomingensis sculleni,perdita wyomingensis,543550,perdita wyomingensis,exact,1.0,,
"Sphecodes arvensiformis Cockerell, 1904",sphecodes arvensiformis,904739,sphecodes arvensiformis,exact,1.0,,
"Sphecodes columbiae Cockerell, 1906",sphecodes columbiae,1339491,sphecodes columbiae,exact,1.0,,
Sphecodes minor,sphecodes minor,199064,sphecodes minor,exact,1.0,,
Sphecodes washingtoni,sphecodes washingtoni,1339510,sphecodes washingtoni,exact,1.0,,
"Stelis callura Cockerell, 1925",stelis callura,231506,stelis callura,exact,1.0,,
"Stelis foederalis Smith, 1854",stelis foederalis,459156,stelis foederalis,exact,1.0,,
"Stelis holocyanea (Cockerell, 1925)",stelis holocyanea,1023981,stelis holocyanea,exact,1.0,,
"Stelis laticincta Cresson, 1878",stelis laticincta,346308,stelis laticincta,exact,1.0,,
"Stelis nitida Cresson, 1878",stelis nitida,459159,stelis nitida,exact,1.0,,
Stelis occidentalis,stelis occidentalis,459160,stelis occidentalis,exact,1.0,,
"Stelis pavonina (Cockerell, 1908)",stelis pavonina,1339515,stelis pavonina,exact,1.0,,
"Stelis subemarginata Cresson, 1878",stelis subemarginata,361624,stelis subemarginata,exact,1.0,,
"Stelis subglauca (Cockerell, 1925)",stelis subglauca,1588474,stelis subglauca,exact,1.0,,
"Triepeolus grindeliae Cockerell, 1907",triepeolus grindeliae,1339546,triepeolus grindeliae,exact,1.0,,
"Triepeolus helianthi (Robertson, 1897)",triepeolus helianthi,452937,triepeolus helianthi,exact,1.0,,
Triepeolus paenepectoralis,triepeolus paenepectoralis,459167,triepeolus paenepectoralis,exact,1.0,,
"Triepeolus texanus (Cresson, 1878)",triepeolus texanus,459171,triepeolus texanus,exact,1.0,,
"Agapostemon angelicus Cockerell, 1924",agapostemon angelicus,270393,agapostemon angelicus,exact,1.0,,
Agapostemon angelicus/texanus,agapostemon angelicus/texanus,606634,agapostemon,slash_lca,1.0,,LCA of agapostemon angelicus + agapostemon texanus
Agapostemon virescens,agapostemon virescens,82530,agapostemon virescens,exact,1.0,,
Andrena aculeata,andrena aculeata,458995,andrena aculeata,exact,1.0,,
Andrena amphibola,andrena amphibola,453646,andrena amphibola,exact,1.0,,
"Andrena anisochlora Cockerell, 1936",andrena anisochlora,361384,andrena anisochlora,exact,1.0,,
Andrena astragali,andrena astragali,336467,andrena astragali,exact,1.0,,
Andrena auricoma,andrena auricoma,361386,andrena auricoma,exact,1.0,,
"Andrena auricoma Smith, 1879",andrena auricoma,361386,andrena auricoma,exact,1.0,,
Andrena berberidis,andrena berberidis,458996,andrena berberidis,exact,1.0,,
"Andrena birtwelli Cockerell, 1901",andrena birtwelli,458997,andrena birtwelli,exact,1.0,,
"Andrena buckelli Viereck, 1924",andrena buckelli,213581,andrena buckelli,exact,1.0,,
"Andrena caerulea Smith, 1879",andrena caerulea,335694,andrena caerulea,exact,1.0,,
"Andrena candida Smith, 1879",andrena candida,309427,andrena candida,exact,1.0,,
"Andrena carlini Cockerell, 1901",andrena carlini,199001,andrena carlini,exact,1.0,,
Andrena chapmanae,andrena chapmanae,459000,andrena chapmanae,exact,1.0,,
"Andrena chapmanae Viereck, 1904",andrena chapmanae,459000,andrena chapmanae,exact,1.0,,
"Andrena chlorogaster Viereck, 1904",andrena chlorogaster,346691,andrena chlorogaster,exact,1.0,,
Andrena chlorura,andrena chlorura,271491,andrena chlorura,exact,1.0,,
"Andrena cleodora (Viereck, 1904)",andrena cleodora,459003,andrena cleodora,exact,1.0,,
Andrena columbiana,andrena columbiana,459005,andrena columbiana,exact,1.0,,
Andrena commoda,andrena commoda,199013,andrena commoda,exact,1.0,,
Andrena crataegi,andrena crataegi,199011,andrena crataegi,exact,1.0,,
"Andrena crataegi Robertson, 1893",andrena crataegi,199011,andrena crataegi,exact,1.0,,
"Andrena cressonii infasciata Lanham, 1949",andrena cressonii,199010,andrena cressonii,exact,1.0,,
"Andrena cressonii Robertson, 1891",andrena cressonii,199010,andrena cressonii,exact,1.0,,
"Andrena erythrogaster (Ashmead, 1890)",andrena erythrogaster,198995,andrena erythrogaster,exact,1.0,,
Andrena flocculosa,andrena flocculosa,573222,andrena flocculosa,exact,1.0,,
"Andrena frigida Smith, 1853",andrena frigida,198991,andrena frigida,exact,1.0,,
"Andrena gordoni Ribble, 1974",andrena gordoni,573177,andrena gordoni,exact,1.0,,
"Andrena hallii Dunning, 1898",andrena hallii,213583,andrena hallii,exact,1.0,,
"Andrena hemileuca Viereck, 1904",andrena hemileuca,459014,andrena hemileuca,exact,1.0,,
"Andrena knuthiana Cockerell, 1901",andrena knuthiana,459015,andrena knuthiana,exact,1.0,,
"Andrena laminibucca Viereck & Cockerell, 1914",andrena laminibucca,459011,andrena laminibucca,exact,1.0,,
Andrena lawrencei,andrena lawrencei,459016,andrena lawrencei,exact,1.0,,
"Andrena lawrencei Viereck & Cockerell, 1914",andrena lawrencei,459016,andrena lawrencei,exact,1.0,,
Andrena lupinorum,andrena lupinorum,213588,andrena lupinorum,exact,1.0,,
"Andrena macoupinensis Robertson, 1900",andrena macoupinensis,213589,andrena macoupinensis,exact,1.0,,
Andrena mariae,andrena mariae,198983,andrena mariae,exact,1.0,,
Andrena medionitens,andrena medionitens,453653,andrena medionitens,exact,1.0,,
"Andrena medionitens Cockerell, 1902",andrena medionitens,453653,andrena medionitens,exact,1.0,,
Andrena merriami,andrena merriami,213590,andrena merriami,exact,1.0,,
"Andrena merriami Cockerell, 1901",andrena merriami,213590,andrena merriami,exact,1.0,,
"Andrena miserabilis Cresson, 1872",andrena miserabilis,198979,andrena miserabilis,exact,1.0,,
Andrena nevadensis,andrena nevadensis,459017,andrena nevadensis,exact,1.0,,
Andrena nigrihirta,andrena nigrihirta,198975,andrena nigrihirta,exact,1.0,,
"Andrena nigrihirta (Ashmead, 1890)",andrena nigrihirta,198975,andrena nigrihirta,exact,1.0,,
Andrena nigrocaerulea,andrena nigrocaerulea,345300,andrena nigrocaerulea,exact,1.0,,
"Andrena nigrocaerulea Cockerell, 1897",andrena nigrocaerulea,345300,andrena nigrocaerulea,exact,1.0,,
Andrena nivalis,andrena nivalis,198974,andrena nivalis,exact,1.0,,
"Andrena nivalis Smith, 1853",andrena nivalis,198974,andrena nivalis,exact,1.0,,
Andrena nothocalaidis,andrena nothocalaidis,453647,andrena nothocalaidis,exact,1.0,,
"Andrena nothocalaidis (Cockerell, 1905)",andrena nothocalaidis,453647,andrena nothocalaidis,exact,1.0,,
Andrena nubecula,andrena nubecula,198973,andrena nubecula,exact,1.0,,
Andrena pallidifovea,andrena pallidifovea,271782,andrena pallidifovea,exact,1.0,,
Andrena pallidiscopa,andrena pallidiscopa,336471,andrena pallidiscopa,exact,1.0,,
Andrena perarmata,andrena perarmata,459018,andrena perarmata,exact,1.0,,
Andrena pertristis,andrena pertristis,213592,andrena pertristis,exact,1.0,,
Andrena piperi,andrena piperi,309141,andrena piperi,exact,1.0,,
"Andrena porterae Cockerell, 1900",andrena porterae,459019,andrena porterae,exact,1.0,,
"Andrena prolixa LaBerge, 1980",andrena prolixa,573889,andrena prolixa,exact,1.0,,
Andrena prunorum-prunorum,andrena prunorum-prunorum,57667,andrena prunorum,fuzzy,0.9,,rapidfuzz best match: andrena prunorum
"Andrena ribblei LaBerge, 1977",andrena ribblei,573850,andrena ribblei,exact,1.0,,
Andrena rufosignata,andrena rufosignata,198967,andrena rufosignata,exact,1.0,,
Andrena saccata,andrena saccata,344876,andrena saccata,exact,1.0,,
"Andrena saccata Viereck, 1904",andrena saccata,344876,andrena saccata,exact,1.0,,
Andrena salicifloris,andrena salicifloris,213594,andrena salicifloris,exact,1.0,,
"Andrena salicifloris Cockerell, 1897",andrena salicifloris,213594,andrena salicifloris,exact,1.0,,
Andrena salictaria,andrena salictaria,198965,andrena salictaria,exact,1.0,,
"Andrena scurra Viereck, 1904",andrena scurra,213596,andrena scurra,exact,1.0,,
"Andrena scutellinitens Viereck, 1917",andrena scutellinitens,459025,andrena scutellinitens,exact,1.0,,
Andrena semipunctata,andrena semipunctata,361409,andrena semipunctata,exact,1.0,,
Andrena sigmundi,andrena sigmundi,198964,andrena sigmundi,exact,1.0,,
Andrena sola,andrena sola,309108,andrena sola,exact,1.0,,
"Andrena striatifrons Cockerell, 1897",andrena striatifrons,459027,andrena striatifrons,exact,1.0,,
Andrena subaustralis,andrena subaustralis,213598,andrena subaustralis,exact,1.0,,
"Andrena subchalybea Viereck, 1917",andrena subchalybea,271081,andrena subchalybea,exact,1.0,,
"Andrena subtilis Smith, 1879",andrena subtilis,213599,andrena subtilis,exact,1.0,,
"Andrena sulcata Donovan, 1977",andrena sulcata,573719,andrena sulcata,exact,1.0,,
Andrena surda,andrena surda,271444,andrena surda,exact,1.0,,
Andrena thaspii,andrena thaspii,198961,andrena thaspii,exact,1.0,,
Andrena transnigra,andrena transnigra,213600,andrena transnigra,exact,1.0,,
"Andrena transnigra Viereck, 1904",andrena transnigra,213600,andrena transnigra,exact,1.0,,
Andrena vicina,andrena vicina,198958,andrena vicina,exact,1.0,,
Andrena vierecki,andrena vierecki,361417,andrena vierecki,exact,1.0,,
"Andrena vierecki Cockerell, 1904",andrena vierecki,361417,andrena vierecki,exact,1.0,,
Andrena washingtoni,andrena washingtoni,459033,andrena washingtoni,exact,1.0,,
"Anthidiellum robertsoni (Cockerell, 1904)",anthidiellum robertsoni,,anthidiellum robertsoni,gbif,1.0,EXACT,
"Anthidium clypeodentatum Swenk, 1914",anthidium clypeodentatum,271349,anthidium clypeodentatum,exact,1.0,,
Anthidium edwardsii,anthidium edwardsii,577980,anthidium edwardsii,exact,1.0,,
Anthidium emarginatum,anthidium emarginatum,213760,anthidium emarginatum,exact,1.0,,
"Anthidium emarginatum (Say, 1824)",anthidium emarginatum,213760,anthidium emarginatum,exact,1.0,,
Anthidium manicatum,anthidium manicatum,62453,anthidium manicatum,exact,1.0,,
"Anthidium manicatum (Linnaeus, 1758)",anthidium manicatum,62453,anthidium manicatum,exact,1.0,,
Anthophora affabilis,anthophora affabilis,213788,anthophora affabilis,exact,1.0,,
"Anthophora bomboides Kirby, 1837",anthophora bomboides,198855,anthophora bomboides,exact,1.0,,
"Anthophora bomboides solitaria Ritsema, 1880",anthophora bomboides,198855,anthophora bomboides,exact,1.0,,
"Anthophora bomboides stanfordiana Cockerell, 1904",anthophora bomboides,198855,anthophora bomboides,exact,1.0,,
"Anthophora crotchii Cresson, 1879",anthophora crotchii,361434,anthophora crotchii,exact,1.0,,
Anthophora edwardsii,anthophora edwardsii,57683,anthophora edwardsii,exact,1.0,,
"Anthophora edwardsii Cresson, 1879",anthophora edwardsii,57683,anthophora edwardsii,exact,1.0,,
"Anthophora exigua Cresson, 1879",anthophora exigua,308950,anthophora exigua,exact,1.0,,
"Anthophora neglecta Timberlake & Cockerell, 1936",anthophora neglecta,309086,anthophora neglecta,exact,1.0,,
"Anthophora occidentalis Cresson, 1869",anthophora occidentalis,213790,anthophora occidentalis,exact,1.0,,
Anthophora peritomae,anthophora peritomae,459051,anthophora peritomae,exact,1.0,,
Anthophora porterae,anthophora porterae,213791,anthophora porterae,exact,1.0,,
"Anthophora terminalis Cresson, 1869",anthophora terminalis,198854,anthophora terminalis,exact,1.0,,
Anthophora urbana,anthophora urbana,57681,anthophora urbana,exact,1.0,,
Anthophora ursina,anthophora ursina,213792,anthophora ursina,exact,1.0,,
"Apis mellifera Linnaeus, 1758",apis mellifera,47219,apis mellifera,exact,1.0,,
Ashmeadiella bucconis denticulata,ashmeadiella bucconis,214386,ashmeadiella bucconis,exact,1.0,,
Ashmeadiella cactorum,ashmeadiella cactorum,214387,ashmeadiella cactorum,exact,1.0,,
Ashmeadiella cactorum aridula,ashmeadiella cactorum,214387,ashmeadiella cactorum,exact,1.0,,
"Atoposmia copelandica (Cockerell, 1908)",atoposmia copelandica,271578,atoposmia copelandica,exact,1.0,,
Bombus  appositus,bombus appositus,320050,bombus appositus,exact,1.0,,
Bombus  flavifrons,bombus flavifrons,119308,bombus flavifrons,exact,1.0,,
Bombus  mixtus,bombus mixtus,319125,bombus mixtus,exact,1.0,,
Bombus  rufocinctus,bombus rufocinctus,144011,bombus rufocinctus,exact,1.0,,
Bombus  vancouverensis,bombus vancouverensis,1020304,bombus vancouverensis,exact,1.0,,
Bombus californicus,bombus californicus,124420,bombus californicus,exact,1.0,,
"Bombus caliginosus (Frison, 1927)",bombus caliginosus,344228,bombus caliginosus,exact,1.0,,
Bombus centralis,bombus centralis,321463,bombus centralis,exact,1.0,,
"Bombus fervidus (Fabricius, 1798)",bombus fervidus,52774,bombus fervidus,exact,1.0,,
Bombus flavifrons,bombus flavifrons,119308,bombus flavifrons,exact,1.0,,
"Bombus flavifrons Cresson, 1864",bombus flavifrons,119308,bombus flavifrons,exact,1.0,,
"Bombus griseocollis (De Geer, 1773)",bombus griseocollis,120215,bombus griseocollis,exact,1.0,,
"Bombus huntii Greene, 1860",bombus huntii,154043,bombus huntii,exact,1.0,,
"Bombus impatiens Cresson, 1863",bombus impatiens,118970,bombus impatiens,exact,1.0,,
Bombus insularis,bombus insularis,143036,bombus insularis,exact,1.0,,
"Bombus insularis (Smith, 1861)",bombus insularis,143036,bombus insularis,exact,1.0,,
Bombus kirbiellus,bombus kirbiellus,704572,bombus kirbiellus,exact,1.0,,
Bombus mixtus,bombus mixtus,319125,bombus mixtus,exact,1.0,,
"Bombus mixtus Cresson, 1879",bombus mixtus,319125,bombus mixtus,exact,1.0,,
Bombus nevadensis,bombus nevadensis,341001,bombus nevadensis,exact,1.0,,
Bombus occidentalis,bombus occidentalis,82371,bombus occidentalis,exact,1.0,,
Bombus rufocinctus,bombus rufocinctus,144011,bombus rufocinctus,exact,1.0,,
"Bombus rufocinctus Cresson, 1864",bombus rufocinctus,144011,bombus rufocinctus,exact,1.0,,
Bombus sitkensis,bombus sitkensis,142269,bombus sitkensis,exact,1.0,,
"Bombus suckleyi Greene, 1860",bombus suckleyi,452445,bombus suckleyi,exact,1.0,,
"Bombus vagans Smith, 1854",bombus vagans,128670,bombus vagans,exact,1.0,,
"Bombus vancouverensis Cresson, 1879",bombus vancouverensis,1020304,bombus vancouverensis,exact,1.0,,
Bombus vancouverensis vancouverensis,bombus vancouverensis,1020304,bombus vancouverensis,exact,1.0,,
Bombus vandykei,bombus vandykei,125138,bombus vandykei,exact,1.0,,
Bombus vosnesenskii,bombus vosnesenskii,57689,bombus vosnesenskii,exact,1.0,,
"Bombus vosnesenskii Radoszkowski, 1862",bombus vosnesenskii,57689,bombus vosnesenskii,exact,1.0,,
Brachymelecta californica,brachymelecta californica,1255700,brachymelecta californica,exact,1.0,,
"Calliopsis edwardsii Cresson, 1878",calliopsis edwardsii,574043,calliopsis edwardsii,exact,1.0,,
"Calliopsis xenus (Rozen, 1958)",calliopsis xenus,574019,calliopsis xenus,exact,1.0,,
Ceratina acantha,ceratina acantha,309461,ceratina acantha,exact,1.0,,
Ceratina nanula,ceratina nanula,309463,ceratina nanula,exact,1.0,,
"Ceratina nanula Cockerell, 1897",ceratina nanula,309463,ceratina nanula,exact,1.0,,
Chelostoma phaceliae,chelostoma phaceliae,361503,chelostoma phaceliae,exact,1.0,,
"Chelostoma phaceliae Michener, 1938",chelostoma phaceliae,361503,chelostoma phaceliae,exact,1.0,,
Coelioxys mesae,coelioxys mesae,626634,coelioxys mesae,exact,1.0,,
"Coelioxys moesta Cresson, 1864",coelioxys moesta,626800,coelioxys moestus,gbif,0.98,VARIANT,
"Coelioxys octodentata Say, 1824",coelioxys octodentata,934230,coelioxys octodentata,exact,1.0,,
Coelioxys rufitarsis,coelioxys rufitarsis,626642,coelioxys rufitarsis,exact,1.0,,
"Coelioxys rufitarsis Smith, 1854",coelioxys rufitarsis,626642,coelioxys rufitarsis,exact,1.0,,
Coelioxys serricaudatus,coelioxys serricaudatus,636887,coelioxys serricaudatus,exact,1.0,,
Colletes compactus hesperius,colletes compactus,199043,colletes compactus,exact,1.0,,
"Colletes consors Cresson, 1868",colletes consors,199044,colletes consors,exact,1.0,,
"Colletes consors pascoensis Cockerell, 1898",colletes consors,199044,colletes consors,exact,1.0,,
Colletes delodontus,colletes delodontus,1339095,colletes delodontus,exact,1.0,,
Colletes fulgidus,colletes fulgidus,217440,colletes fulgidus,exact,1.0,,
Colletes fulgidus fulgidus,colletes fulgidus,217440,colletes fulgidus,exact,1.0,,
"Colletes fulgidus Swenk, 1904",colletes fulgidus,217440,colletes fulgidus,exact,1.0,,
Colletes gypsicolens,colletes gypsicolens,459061,colletes gypsicolens,exact,1.0,,
Colletes inaequalis,colletes inaequalis,199041,colletes inaequalis,exact,1.0,,
Colletes lutzi,colletes lutzi,847834,colletes lutzi,exact,1.0,,
"Colletes lutzi Timberlake, 1943",colletes lutzi,847834,colletes lutzi,exact,1.0,,
Colletes phaceliae,colletes phaceliae,179703,colletes phaceliae,exact,1.0,,
"Colletes phaceliae Cockerell, 1906",colletes phaceliae,179703,colletes phaceliae,exact,1.0,,
Colletes simulans,colletes simulans,179699,colletes simulans,exact,1.0,,
"Colletes simulans nevadensis Swenk, 1908",colletes simulans,179699,colletes simulans,exact,1.0,,
Diadasia diminuta,diadasia diminuta,307403,diadasia diminuta,exact,1.0,,
"Diadasia diminuta (Cresson, 1879)",diadasia diminuta,307403,diadasia diminuta,exact,1.0,,
Diadasia enavata,diadasia enavata,135310,diadasia enavata,exact,1.0,,
"Diadasia nigrifrons (Cresson, 1879)",diadasia nigrifrons,888396,diadasia nigrifrons,exact,1.0,,
Diadasia ochracea,diadasia ochracea,361448,diadasia ochracea,exact,1.0,,
"Dianthidium curvatum (Smith, 1854)",dianthidium curvatum,459058,dianthidium curvatum,exact,1.0,,
"Dianthidium curvatum sayi Cockerell, 1907",dianthidium curvatum,459058,dianthidium curvatum,exact,1.0,,
"Dianthidium heterulkei Schwarz, 1940",dianthidium heterulkei,271473,dianthidium heterulkei,exact,1.0,,
"Dianthidium pudicum (Cresson, 1879)",dianthidium pudicum,218318,dianthidium pudicum,exact,1.0,,
"Dianthidium ulkei (Cresson, 1878)",dianthidium ulkei,218319,dianthidium ulkei,exact,1.0,,
Dioxys productus,dioxys productus,307424,dioxys productus,exact,1.0,,
"Dufourea calochorti (Cockerell, 1924)",dufourea calochorti,1037840,dufourea calochorti,exact,1.0,,
"Dufourea campanulae (Cockerell, 1897)",dufourea campanulae,1037841,dufourea campanulae,exact,1.0,,
"Dufourea holocyanea (Cockerell, 1925)",dufourea holocyanea,458977,dufourea holocyanea,exact,1.0,,
"Dufourea maura (Cresson, 1878)",dufourea maura,218789,dufourea maura,exact,1.0,,
"Dufourea trochantera Bohart, 1948",dufourea trochantera,458978,dufourea trochantera,exact,1.0,,
"Epeolus americanus (Cresson, 1878)",epeolus americanus,459070,epeolus americanus,exact,1.0,,
"Epeolus compactus Cresson, 1878",epeolus compactus,308866,epeolus compactus,exact,1.0,,
Epeolus emiliae,epeolus emiliae,1399110,epeolus emiliae,exact,1.0,,
"Epeolus minimus (Robertson, 1902)",epeolus minimus,345437,epeolus minimus,exact,1.0,,
Epeolus olympiellus,epeolus olympiellus,924642,epeolus olympiellus,exact,1.0,,
"Epeolus olympiellus Cockerell, 1904",epeolus olympiellus,924642,epeolus olympiellus,exact,1.0,,
"Epimelissodes obliqua (Say, 1837)",epimelissodes obliqua,1630911,epimelissodes obliqua,exact,1.0,,
Eucera  frater,eucera frater,453648,eucera frater,exact,1.0,,
"Eucera amsinckiae (Timberlake, 1969)",eucera amsinckiae,271788,eucera amsinckiae,exact,1.0,,
"Eucera delphinii (Timberlake, 1969)",eucera delphinii,361450,eucera delphinii,exact,1.0,,
"Eucera douglasiana (Cockerell, 1906)",eucera douglasiana,459073,eucera douglasiana,exact,1.0,,
Eucera frater lata,eucera frater,453648,eucera frater,exact,1.0,,
"Eucera hurdi (Timberlake, 1969)",eucera hurdi,459077,eucera hurdi,exact,1.0,,
Habropoda cineraria,habropoda cineraria,458980,habropoda cineraria,exact,1.0,,
"Habropoda miserabilis (Cresson, 1879)",habropoda miserabilis,307633,habropoda miserabilis,exact,1.0,,
Halictus confusus,halictus confusus,199115,halictus confusus,exact,1.0,,
Halictus confusus confusus,halictus confusus,199115,halictus confusus,exact,1.0,,
"Halictus confusus Smith, 1853",halictus confusus,199115,halictus confusus,exact,1.0,,
Halictus farinosus,halictus farinosus,318550,halictus farinosus,exact,1.0,,
"Halictus farinosus Smith, 1853",halictus farinosus,318550,halictus farinosus,exact,1.0,,
Halictus ligatus,halictus ligatus,154298,halictus ligatus,exact,1.0,,
Halictus rubicundus,halictus rubicundus,127747,halictus rubicundus,exact,1.0,,
"Halictus virgatellus Cockerell, 1901",halictus virgatellus,454798,halictus virgatellus,exact,1.0,,
"Heriades carinata Cresson, 1865",heriades carinata,203204,heriades carinata,exact,1.0,,
Heriades occidentalis,heriades occidentalis,309155,heriades occidentalis,exact,1.0,,
"Hoplitis fulgida (Cresson, 1864)",hoplitis fulgida,221489,hoplitis fulgida,exact,1.0,,
Hoplitis grinnelli,hoplitis grinnelli,271346,hoplitis grinnelli,exact,1.0,,
"Hoplitis grinnelli (Cockerell, 1910)",hoplitis grinnelli,271346,hoplitis grinnelli,exact,1.0,,
"Hoplitis hypocrita (Cockerell, 1906)",hoplitis hypocrita,361559,hoplitis hypocrita,exact,1.0,,
"Hoplitis louisae (Cockerell, 1934)",hoplitis louisae,459079,hoplitis louisae,exact,1.0,,
"Hoplitis robusta (Nylander, 1848)",hoplitis robusta,459080,hoplitis robusta,exact,1.0,,
"Hoplitis sambuci Titus, 1904",hoplitis sambuci,308690,hoplitis sambuci,exact,1.0,,
"Hoplitis uvulalis (Cockerell, 1902)",hoplitis uvulalis,549622,hoplitis uvulalis,exact,1.0,,
"Hylaeus annulatus (Linnaeus, 1758)",hylaeus annulatus,199053,hylaeus annulatus,exact,1.0,,
Hylaeus basalis,hylaeus basalis,199052,hylaeus basalis,exact,1.0,,
"Hylaeus calvus (Metz, 1911)",hylaeus calvus,309178,hylaeus calvus,exact,1.0,,
Hylaeus conspicuus,hylaeus conspicuus,361477,hylaeus conspicuus,exact,1.0,,
"Hylaeus conspicuus (Metz, 1911)",hylaeus conspicuus,361477,hylaeus conspicuus,exact,1.0,,
"Hylaeus episcopalis (Cockerell, 1896)",hylaeus episcopalis,271747,hylaeus episcopalis,exact,1.0,,
Hylaeus leptocephalus,hylaeus leptocephalus,199050,hylaeus leptocephalus,exact,1.0,,
Hylaeus mesillae,hylaeus mesillae,199049,hylaeus mesillae,exact,1.0,,
"Hylaeus mesillae (Cockerell, 1896)",hylaeus mesillae,199049,hylaeus mesillae,exact,1.0,,
"Hylaeus mesillae cressonii Cockerell, 1907",hylaeus mesillae,199049,hylaeus mesillae,exact,1.0,,
"Hylaeus modestus Say, 1837",hylaeus modestus,199048,hylaeus modestus,exact,1.0,,
"Hylaeus rudbeckiae (Cockerell & Casad, 1895)",hylaeus rudbeckiae,221916,hylaeus rudbeckiae,exact,1.0,,
"Hylaeus verticalis (Cresson, 1869)",hylaeus verticalis,199046,hylaeus verticalis,exact,1.0,,
Laisoglossum lusorium,laisoglossum lusorium,453651,lasioglossum lusorium,gbif,0.89,VARIANT,
Lasioglossum  egregium,lasioglossum egregium,361492,lasioglossum egregium,exact,1.0,,
Lasioglossum aberrans,lasioglossum aberrans,308914,lasioglossum aberrans,exact,1.0,,
"Lasioglossum albohirtum (Crawford, 1907)",lasioglossum albohirtum,453635,lasioglossum albohirtum,exact,1.0,,
"Lasioglossum athabascense (Sandhouse, 1933)",lasioglossum athabascense,199109,lasioglossum athabascense,exact,1.0,,
"Lasioglossum comagenense (Knerer & Atwood, 1964)",lasioglossum comagenense,459081,lasioglossum comagenense,exact,1.0,,
Lasioglossum dashwoodi,lasioglossum dashwoodi,459085,lasioglossum dashwoodi,exact,1.0,,
"Lasioglossum egregium (Vachal, 1904)",lasioglossum egregium,361492,lasioglossum egregium,exact,1.0,,
"Lasioglossum glabriventre (Crawford, 1907)",lasioglossum glabriventre,1339028,lasioglossum glabriventre,exact,1.0,,
Lasioglossum hyalinum,lasioglossum hyalinum,459088,lasioglossum hyalinum,exact,1.0,,
Lasioglossum incompletum,lasioglossum incompletum,271464,lasioglossum incompletum,exact,1.0,,
Lasioglossum leucozonium,lasioglossum leucozonium,127754,lasioglossum leucozonium,exact,1.0,,
"Lasioglossum longicorne (Crawford, 1907)",lasioglossum longicorne,1339248,lasioglossum longicorne,exact,1.0,,
"Lasioglossum lusorium (Cresson, 1872)",lasioglossum lusorium,453651,lasioglossum lusorium,exact,1.0,,
"Lasioglossum marinense (Michener, 1936)",lasioglossum marinense,459089,lasioglossum marinense,exact,1.0,,
Lasioglossum nigroviride,lasioglossum nigroviride,199094,lasioglossum nigroviride,exact,1.0,,
Lasioglossum ovaliceps,lasioglossum ovaliceps,459106,lasioglossum ovaliceps,exact,1.0,,
"Lasioglossum ovaliceps (Cockerell, 1898)",lasioglossum ovaliceps,459106,lasioglossum ovaliceps,exact,1.0,,
"Lasioglossum pacatum (Sandhouse, 1924)",lasioglossum pacatum,1426354,lasioglossum pacatum,exact,1.0,,
Lasioglossum pacificum,lasioglossum pacificum,344901,lasioglossum pacificum,exact,1.0,,
"Lasioglossum pacificum (Cockerell, 1898)",lasioglossum pacificum,344901,lasioglossum pacificum,exact,1.0,,
"Lasioglossum pavonotum (Cockerell, 1925)",lasioglossum pavonotum,1453119,lasioglossum pavonotum,exact,1.0,,
"Lasioglossum perdifficile (Cockerell, 1895)",lasioglossum perdifficile,271469,lasioglossum perdifficile,exact,1.0,,
Lasioglossum prasinogaster,lasioglossum prasinogaster,459111,lasioglossum prasinogaster,exact,1.0,,
"Lasioglossum pruinosum (Robertson, 1892)",lasioglossum pruinosum,452968,lasioglossum pruinosum,exact,1.0,,
"Lasioglossum ruidosense (Cockerell, 1897)",lasioglossum ruidosense,271073,lasioglossum ruidosense,exact,1.0,,
Lasioglossum sandhousiellum,lasioglossum sandhousiellum,459100,lasioglossum sandhousiellum,exact,1.0,,
"Lasioglossum sisymbrii (Cockerell, 1895)",lasioglossum sisymbrii,222681,lasioglossum sisymbrii,exact,1.0,,
"Lasioglossum tenax (Sandhouse, 1924)",lasioglossum tenax,459121,lasioglossum tenax,exact,1.0,,
"Lasioglossum titusi (Crawford, 1902)",lasioglossum titusi,309077,lasioglossum titusi,exact,1.0,,
"Lasioglossum trizonatum (Cresson, 1874)",lasioglossum trizonatum,222684,lasioglossum trizonatum,exact,1.0,,
"Lasioglossum zephyrus (Smith, 1853)",lasioglossum zephyrus,905961,lasioglossum zephyrus,exact,1.0,,
Lasioglossum zonulum,lasioglossum zonulum,1453118,lasioglossum zonulum,exact,1.0,,
Megachile  melanophaea,megachile melanophaea,199132,megachile melanophaea,exact,1.0,,
Megachile  perihirta,megachile perihirta,224501,megachile perihirta,exact,1.0,,
"Megachile angelarum Cockerell, 1902",megachile angelarum,271430,megachile angelarum,exact,1.0,,
Megachile anograe,megachile anograe,459125,megachile anograe,exact,1.0,,
Megachile centuncularis,megachile centuncularis,124406,megachile centuncularis,exact,1.0,,
Megachile dentitarsus,megachile dentitarsus,459127,megachile dentitarsus,exact,1.0,,
"Megachile frigida Smith, 1853",megachile frigida,199136,megachile frigida,exact,1.0,,
Megachile gemula gemula,megachile gemula,199135,megachile gemula,exact,1.0,,
Megachile lapponica,megachile lapponica,459129,megachile lapponica,exact,1.0,,
Megachile melanophaea,megachile melanophaea,199132,megachile melanophaea,exact,1.0,,
Megachile melanophaea calogaster,megachile melanophaea,199132,megachile melanophaea,exact,1.0,,
Megachile mellitarsis,megachile mellitarsis,271777,megachile mellitarsis,exact,1.0,,
"Megachile mendica Cresson, 1878",megachile mendica,199131,megachile mendica,exact,1.0,,
Megachile montivaga,megachile montivaga,199130,megachile montivaga,exact,1.0,,
"Megachile montivaga Cresson, 1878",megachile montivaga,199130,megachile montivaga,exact,1.0,,
"Megachile nevadensis Cresson, 1879",megachile nevadensis,1030940,megachile nevadensis,exact,1.0,,
Megachile onobrychidis,megachile onobrychidis,459131,megachile onobrychidis,exact,1.0,,
"Megachile onobrychidis Cockerell, 1908",megachile onobrychidis,459131,megachile onobrychidis,exact,1.0,,
Megachile pascoensis,megachile pascoensis,361579,megachile pascoensis,exact,1.0,,
"Megachile perihirta Cockerell, 1898",megachile perihirta,224501,megachile perihirta,exact,1.0,,
"Megachile pugnata Say, 1837",megachile pugnata,198850,megachile pugnata,exact,1.0,,
Megachile relativa,megachile relativa,199129,megachile relativa,exact,1.0,,
"Megachile relativa Cresson, 1878",megachile relativa,199129,megachile relativa,exact,1.0,,
"Megachile subnigra Cresson, 1879",megachile subnigra,224502,megachile subnigra,exact,1.0,,
Megachile texana,megachile texana,199128,megachile texana,exact,1.0,,
"Megachile wheeleri Mitchell, 1927",megachile wheeleri,224503,megachile wheeleri,exact,1.0,,
Melecta separata callura,melecta separata,361455,melecta separata,exact,1.0,,
"Melecta separata Cresson, 1879",melecta separata,361455,melecta separata,exact,1.0,,
Melissodes agilis,melissodes agilis,52780,melissodes agilis,exact,1.0,,
"Melissodes communis alopex Cockerell, 1928",melissodes communis,224858,melissodes communis,exact,1.0,,
Melissodes lutulentus,melissodes lutulentus,747166,melissodes lutulentus,exact,1.0,,
"Melissodes menuachus Cresson, 1868",melissodes menuachus,224865,melissodes menuachus,exact,1.0,,
"Melissodes metenuus Cockerell, 1922",melissodes metenuus,747205,melissodes metenuus,exact,1.0,,
"Melissodes metenuus Cockerell, 1924",melissodes metenuus,747205,melissodes metenuus,exact,1.0,,
"Melissodes microstictus Cockerell, 1781",melissodes microstictus,747170,melissodes microstictus,exact,1.0,,
"Melissodes microstictus Cockerell, 1782",melissodes microstictus,747170,melissodes microstictus,exact,1.0,,
"Melissodes microstictus Cockerell, 1784",melissodes microstictus,747170,melissodes microstictus,exact,1.0,,
"Melissodes microstictus Cockerell, 1785",melissodes microstictus,747170,melissodes microstictus,exact,1.0,,
"Melissodes microstictus Cockerell, 1786",melissodes microstictus,747170,melissodes microstictus,exact,1.0,,
"Melissodes microstictus Cockerell, 1787",melissodes microstictus,747170,melissodes microstictus,exact,1.0,,
"Melissodes microstictus Cockerell, 1789",melissodes microstictus,747170,melissodes microstictus,exact,1.0,,
"Melissodes microstictus Cockerell, 1796",melissodes microstictus,747170,melissodes microstictus,exact,1.0,,
"Melissodes microstictus Cockerell, 1797",melissodes microstictus,747170,melissodes microstictus,exact,1.0,,
"Melissodes microstictus Cockerell, 1800",melissodes microstictus,747170,melissodes microstictus,exact,1.0,,
"Melissodes microstictus Cockerell, 1801",melissodes microstictus,747170,melissodes microstictus,exact,1.0,,
"Melissodes microstictus Cockerell, 1803",melissodes microstictus,747170,melissodes microstictus,exact,1.0,,
"Melissodes microstictus Cockerell, 1808",melissodes microstictus,747170,melissodes microstictus,exact,1.0,,
"Melissodes microstictus Cockerell, 1809",melissodes microstictus,747170,melissodes microstictus,exact,1.0,,
"Melissodes microstictus Cockerell, 1811",melissodes microstictus,747170,melissodes microstictus,exact,1.0,,
"Melissodes microstictus Cockerell, 1812",melissodes microstictus,747170,melissodes microstictus,exact,1.0,,
"Melissodes microstictus Cockerell, 1813",melissodes microstictus,747170,melissodes microstictus,exact,1.0,,
"Melissodes microstictus Cockerell, 1815",melissodes microstictus,747170,melissodes microstictus,exact,1.0,,
"Melissodes microstictus Cockerell, 1818",melissodes microstictus,747170,melissodes microstictus,exact,1.0,,
"Melissodes microstictus Cockerell, 1820",melissodes microstictus,747170,melissodes microstictus,exact,1.0,,
"Melissodes microstictus Cockerell, 1821",melissodes microstictus,747170,melissodes microstictus,exact,1.0,,
"Melissodes microstictus Cockerell, 1824",melissodes microstictus,747170,melissodes microstictus,exact,1.0,,
"Melissodes microstictus Cockerell, 1825",melissodes microstictus,747170,melissodes microstictus,exact,1.0,,
"Melissodes microstictus Cockerell, 1826",melissodes microstictus,747170,melissodes microstictus,exact,1.0,,
"Melissodes microstictus Cockerell, 1827",melissodes microstictus,747170,melissodes microstictus,exact,1.0,,
"Melissodes microstictus Cockerell, 1828",melissodes microstictus,747170,melissodes microstictus,exact,1.0,,
"Melissodes microstictus Cockerell, 1834",melissodes microstictus,747170,melissodes microstictus,exact,1.0,,
"Melissodes microstictus Cockerell, 1835",melissodes microstictus,747170,melissodes microstictus,exact,1.0,,
"Melissodes microstictus Cockerell, 1839",melissodes microstictus,747170,melissodes microstictus,exact,1.0,,
"Melissodes microstictus Cockerell, 1840",melissodes microstictus,747170,melissodes microstictus,exact,1.0,,
"Melissodes microstictus Cockerell, 1841",melissodes microstictus,747170,melissodes microstictus,exact,1.0,,
"Melissodes microstictus Cockerell, 1843",melissodes microstictus,747170,melissodes microstictus,exact,1.0,,
"Melissodes microstictus Cockerell, 1844",melissodes microstictus,747170,melissodes microstictus,exact,1.0,,
"Melissodes microstictus Cockerell, 1845",melissodes microstictus,747170,melissodes microstictus,exact,1.0,,
"Melissodes microstictus Cockerell, 1846",melissodes microstictus,747170,melissodes microstictus,exact,1.0,,
"Melissodes microstictus Cockerell, 1847",melissodes microstictus,747170,melissodes microstictus,exact,1.0,,
"Melissodes microstictus Cockerell, 1849",melissodes microstictus,747170,melissodes microstictus,exact,1.0,,
"Melissodes microstictus Cockerell, 1851",melissodes microstictus,747170,melissodes microstictus,exact,1.0,,
"Melissodes microstictus Cockerell, 1853",melissodes microstictus,747170,melissodes microstictus,exact,1.0,,
"Melissodes microstictus Cockerell, 1854",melissodes microstictus,747170,melissodes microstictus,exact,1.0,,
"Melissodes microstictus Cockerell, 1856",melissodes microstictus,747170,melissodes microstictus,exact,1.0,,
"Melissodes microstictus Cockerell, 1857",melissodes microstictus,747170,melissodes microstictus,exact,1.0,,
"Melissodes microstictus Cockerell, 1860",melissodes microstictus,747170,melissodes microstictus,exact,1.0,,
"Melissodes microstictus Cockerell, 1862",melissodes microstictus,747170,melissodes microstictus,exact,1.0,,
"Melissodes microstictus Cockerell, 1866",melissodes microstictus,747170,melissodes microstictus,exact,1.0,,
"Melissodes microstictus Cockerell, 1869",melissodes microstictus,747170,melissodes microstictus,exact,1.0,,
"Melissodes microstictus Cockerell, 1872",melissodes microstictus,747170,melissodes microstictus,exact,1.0,,
"Melissodes microstictus Cockerell, 1873",melissodes microstictus,747170,melissodes microstictus,exact,1.0,,
"Melissodes microstictus Cockerell, 1875",melissodes microstictus,747170,melissodes microstictus,exact,1.0,,
"Melissodes microstictus Cockerell, 1877",melissodes microstictus,747170,melissodes microstictus,exact,1.0,,
"Melissodes microstictus Cockerell, 1878",melissodes microstictus,747170,melissodes microstictus,exact,1.0,,
"Melissodes microstictus Cockerell, 1880",melissodes microstictus,747170,melissodes microstictus,exact,1.0,,
"Melissodes microstictus Cockerell, 1881",melissodes microstictus,747170,melissodes microstictus,exact,1.0,,
"Melissodes microstictus Cockerell, 1882",melissodes microstictus,747170,melissodes microstictus,exact,1.0,,
"Melissodes microstictus Cockerell, 1884",melissodes microstictus,747170,melissodes microstictus,exact,1.0,,
"Melissodes microstictus Cockerell, 1886",melissodes microstictus,747170,melissodes microstictus,exact,1.0,,
"Melissodes microstictus Cockerell, 1887",melissodes microstictus,747170,melissodes microstictus,exact,1.0,,
"Melissodes microstictus Cockerell, 1889",melissodes microstictus,747170,melissodes microstictus,exact,1.0,,
"Melissodes microstictus Cockerell, 1890",melissodes microstictus,747170,melissodes microstictus,exact,1.0,,
"Melissodes microstictus Cockerell, 1891",melissodes microstictus,747170,melissodes microstictus,exact,1.0,,
"Melissodes microstictus Cockerell, 1893",melissodes microstictus,747170,melissodes microstictus,exact,1.0,,
"Melissodes microstictus Cockerell, 1895",melissodes microstictus,747170,melissodes microstictus,exact,1.0,,
"Melissodes microstictus Cockerell, 1896",melissodes microstictus,747170,melissodes microstictus,exact,1.0,,
"Melissodes microstictus Cockerell, 1897",melissodes microstictus,747170,melissodes microstictus,exact,1.0,,
"Melissodes microstictus Cockerell, 1899",melissodes microstictus,747170,melissodes microstictus,exact,1.0,,
"Melissodes microstictus Cockerell, 1900",melissodes microstictus,747170,melissodes microstictus,exact,1.0,,
"Melissodes microstictus Cockerell, 1903",melissodes microstictus,747170,melissodes microstictus,exact,1.0,,
"Melissodes microstictus Cockerell, 1904",melissodes microstictus,747170,melissodes microstictus,exact,1.0,,
"Melissodes microstictus Cockerell, 1905",melissodes microstictus,747170,melissodes microstictus,exact,1.0,,
Melissodes paululus,melissodes paululus,747180,melissodes paululus,exact,1.0,,
Melissodes plumosus,melissodes plumosus,747124,melissodes plumosus,exact,1.0,,
"Melissodes rivalis Cresson, 1872",melissodes rivalis,224868,melissodes rivalis,exact,1.0,,
Melissodes robustior,melissodes robustior,534085,melissodes robustior,exact,1.0,,
"Melissodes robustior Cockerell, 1915",melissodes robustior,534085,melissodes robustior,exact,1.0,,
Melissodes saponellus,melissodes saponellus,459135,melissodes saponellus,exact,1.0,,
"Melissodes saponellus Cockerell, 1908",melissodes saponellus,459135,melissodes saponellus,exact,1.0,,
"Melissodes stearnsi Cockerell, 1905",melissodes stearnsi,361460,melissodes stearnsi,exact,1.0,,
Melissodes subagilis,melissodes subagilis,224869,melissodes subagilis,exact,1.0,,
Melissodes verbesinarum,melissodes verbesinarum,271505,melissodes verbesinarum,exact,1.0,,
Melissodes vernalis,melissodes vernalis,308912,melissodes vernalis,exact,1.0,,
Nomada articulata,nomada articulata,1426445,nomada articulata,exact,1.0,,
"Nomada articulata Smith, 1854",nomada articulata,1426445,nomada articulata,exact,1.0,,
Nomada citrina,nomada citrina,1030776,nomada citrina,exact,1.0,,
Nomada coquilletti,nomada coquilletti,1339326,nomada coquilletti,exact,1.0,,
"Nomada cressonii trevoriana Viereck, 1905",nomada cressonii,1426455,nomada cressonii,exact,1.0,,
"Nomada crotchii Cresson, 1878",nomada crotchii,1426446,nomada crotchii,exact,1.0,,
Nomada edwardsii vinnula,nomada edwardsii,1426379,nomada edwardsii,exact,1.0,,
Nomada flammigera,nomada flammigera,1339341,nomada flammigera,exact,1.0,,
"Nomada flammigera Cockerell, 1906",nomada flammigera,1339341,nomada flammigera,exact,1.0,,
"Nomada heiligbrodtii Cresson, 1878",nomada heiligbrodtii,1447845,nomada heiligbrodtii,exact,1.0,,
"Nomada hesperia Cockerell, 1903",nomada hesperia,1339352,nomada hesperia,exact,1.0,,
"Nomada jennei Cockerell, 1906",nomada jennei,1339358,nomada jennei,exact,1.0,,
Nomada lehighensis,nomada lehighensis,1426468,nomada lehighensis,exact,1.0,,
"Nomada malonina Cockerell, 1910",nomada malonina,1339373,nomada malonina,exact,1.0,,
"Nomada mutans Cockerell, 1910",nomada mutans,1426451,nomada mutans,exact,1.0,,
Nomada packardiella,nomada packardiella,1447822,nomada packardiella,exact,1.0,,
"Nomada packardiella Cockerell, 1906",nomada packardiella,1447822,nomada packardiella,exact,1.0,,
Nomada perbella,nomada perbella,459148,nomada perbella,exact,1.0,,
"Nomada semisuavis Cockerell, 1910",nomada semisuavis,1339433,nomada semisuavis,exact,1.0,,
"Nomada suavis Cresson, 1878",nomada suavis,1426470,nomada suavis,exact,1.0,,
"Nomada texana Cresson, 1872",nomada texana,1426471,nomada texana,exact,1.0,,
"Nomia melanderi Cockerell, 1906",nomia melanderi,57675,nomia melanderi,exact,1.0,,
"Oreopasites vanduzeei Cockerell, 1925",oreopasites vanduzeei,361467,oreopasites vanduzeei,exact,1.0,,
Osmia albolateralis,osmia albolateralis,344903,osmia albolateralis,exact,1.0,,
"Osmia albolateralis Cockerell, 1906",osmia albolateralis,344903,osmia albolateralis,exact,1.0,,
"Osmia austromaritima Michener, 1936",osmia austromaritima,452751,osmia austromaritima,exact,1.0,,
Osmia brevis,osmia brevis,361576,osmia brevis,exact,1.0,,
Osmia bucephala,osmia bucephala,199125,osmia bucephala,exact,1.0,,
"Osmia bucephala Cresson, 1864",osmia bucephala,199125,osmia bucephala,exact,1.0,,
Osmia caerulescens,osmia caerulescens,199124,osmia caerulescens,exact,1.0,,
Osmia caerulescens caerulescens,osmia caerulescens,199124,osmia caerulescens,exact,1.0,,
Osmia calla,osmia calla,361577,osmia calla,exact,1.0,,
"Osmia calla Cockerell, 1897",osmia calla,361577,osmia calla,exact,1.0,,
"Osmia cara Cockerell, 1910",osmia cara,361578,osmia cara,exact,1.0,,
"Osmia cobaltina Cresson, 1878",osmia cobaltina,452752,osmia cobaltina,exact,1.0,,
"Osmia coloradensis Cresson, 1878",osmia coloradensis,226667,osmia coloradensis,exact,1.0,,
"Osmia cornifrons (Radoszkowski, 1887)",osmia cornifrons,121508,osmia cornifrons,exact,1.0,,
"Osmia densa Cresson, 1864",osmia densa,361601,osmia densa,exact,1.0,,
"Osmia exigua Cresson, 1878",osmia exigua,344904,osmia exigua,exact,1.0,,
Osmia giliarum,osmia giliarum,226670,osmia giliarum,exact,1.0,,
"Osmia giliarum Cockerell, 1906",osmia giliarum,226670,osmia giliarum,exact,1.0,,
Osmia inurbana,osmia inurbana,452754,osmia inurbana,exact,1.0,,
Osmia juxta,osmia juxta,452755,osmia juxta,exact,1.0,,
"Osmia juxta Cresson, 1864",osmia juxta,452755,osmia juxta,exact,1.0,,
"Osmia kincaidii Cockerell, 1897",osmia kincaidii,361605,osmia kincaidii,exact,1.0,,
"Osmia laeta Sandhouse, 1924",osmia laeta,308816,osmia laeta,exact,1.0,,
"Osmia lanei Sandhouse, 1939",osmia lanei,1161283,osmia lanei,exact,1.0,,
Osmia lignaria,osmia lignaria,121507,osmia lignaria,exact,1.0,,
Osmia longula,osmia longula,226674,osmia longula,exact,1.0,,
"Osmia longula Cresson, 1864",osmia longula,226674,osmia longula,exact,1.0,,
Osmia melanopleura,osmia melanopleura,452756,osmia melanopleura,exact,1.0,,
"Osmia melanopleura Cockerell, 1916",osmia melanopleura,452756,osmia melanopleura,exact,1.0,,
Osmia nemoris,osmia nemoris,345173,osmia nemoris,exact,1.0,,
Osmia nifoata,osmia nifoata,226677,osmia nifoata,exact,1.0,,
"Osmia nifoata Cockerell, 1909",osmia nifoata,226677,osmia nifoata,exact,1.0,,
"Osmia nigriventris (Zetterstedt, 1838)",osmia nigriventris,452480,osmia nigriventris,exact,1.0,,
"Osmia nigrobarbata Cockerell, 1916",osmia nigrobarbata,271333,osmia nigrobarbata,exact,1.0,,
"Osmia pikei Cockerell, 1907",osmia pikei,452760,osmia pikei,exact,1.0,,
"Osmia proxima Cresson, 1864",osmia proxima,198853,osmia proxima,exact,1.0,,
"Osmia raritatis Michener, 1957",osmia raritatis,361612,osmia raritatis,exact,1.0,,
"Osmia rawlinsi Sandhouse, 1939",osmia rawlinsi,628307,osmia rawlinsi,exact,1.0,,
"Osmia sedula Sandhouse, 1924",osmia sedula,452763,osmia sedula,exact,1.0,,
"Osmia subaustralis Cockerell, 1900",osmia subaustralis,226682,osmia subaustralis,exact,1.0,,
"Osmia tanneri Sandhouse, 1939",osmia tanneri,452477,osmia tanneri,exact,1.0,,
"Osmia texana Cresson, 1872",osmia texana,226684,osmia texana,exact,1.0,,
"Osmia trevoris Cockerell, 1897",osmia trevoris,226686,osmia trevoris,exact,1.0,,
"Osmia tristella Cockerell, 1897",osmia tristella,226687,osmia tristella,exact,1.0,,
"Osmia unca Michener, 1937",osmia unca,452764,osmia unca,exact,1.0,,
"Osmia vandykei Sandhouse, 1924",osmia vandykei,361615,osmia vandykei,exact,1.0,,
Panurginus atriceps,panurginus atriceps,459034,panurginus atriceps,exact,1.0,,
"Panurginus atriceps (Cresson, 1878)",panurginus atriceps,459034,panurginus atriceps,exact,1.0,,
"Panurginus ineptus Cockerell, 1922",panurginus ineptus,459037,panurginus ineptus,exact,1.0,,
Perdita albipennis,perdita albipennis,227443,perdita albipennis,exact,1.0,,
Perdita lingualis,perdita lingualis,271446,perdita lingualis,exact,1.0,,
"Perdita lingualis Cockerell, 1896",perdita lingualis,271446,perdita lingualis,exact,1.0,,
Perdita oregonensis,perdita oregonensis,571824,perdita oregonensis,exact,1.0,,
Perdita salicis imperialis,perdita salicis,271717,perdita salicis,exact,1.0,,
"Perdita similis pascoensis Timberlake, 1958",perdita similis,227459,perdita similis,exact,1.0,,
"Perdita wyomingensis Cockerell, 1922",perdita wyomingensis,543550,perdita wyomingensis,exact,1.0,,
Perdita zonalis zonalis,perdita zonalis,227465,perdita zonalis,exact,1.0,,
"Protosmia rubifloris (Cockerell, 1898)",protosmia rubifloris,271438,protosmia rubifloris,exact,1.0,,
Sphecodes hesperellus,sphecodes hesperellus,1447857,sphecodes hesperellus,exact,1.0,,
"Sphecodes kincaidii Cockerell, 1898",sphecodes kincaidii,1339496,sphecodes kincaidii,exact,1.0,,
"Sphecodes manni Cockerell, 1913",sphecodes manni,1339497,sphecodes manni,exact,1.0,,
"Sphecodes olympicus Cockerell, 1904",sphecodes olympicus,1448011,sphecodes olympicus,exact,1.0,,
"Stelis calliphorina (Cockerell, 1911)",stelis calliphorina,361618,stelis calliphorina,exact,1.0,,
"Stelis lateralis Cresson, 1864",stelis lateralis,199118,stelis lateralis,exact,1.0,,
"Stelis montana Cresson, 1864",stelis montana,231507,stelis montana,exact,1.0,,
"Stelis monticola Cresson, 1878",stelis monticola,459158,stelis monticola,exact,1.0,,
"Stelis rubi Cockerell, 1898",stelis rubi,459163,stelis rubi,exact,1.0,,
Stelis subcaerulea,stelis subcaerulea,1339518,stelis subcaerulea,exact,1.0,,
"Stelis subcaerulea Cresson, 1878",stelis subcaerulea,1339518,stelis subcaerulea,exact,1.0,,
Triepeolus argus,triepeolus argus,1339525,triepeolus argus,exact,1.0,,
Triepeolus argyreus,triepeolus argyreus,1339526,triepeolus argyreus,exact,1.0,,
"Triepeolus concavus (Cresson, 1878)",triepeolus concavus,452935,triepeolus concavus,exact,1.0,,
"Triepeolus paenepectoralis Viereck, 1905",triepeolus paenepectoralis,459167,triepeolus paenepectoralis,exact,1.0,,
Triepeolus texanus,triepeolus texanus,459171,triepeolus texanus,exact,1.0,,
"Triepeolus timberlakei Cockerell, 1929",triepeolus timberlakei,1028062,triepeolus timberlakei,exact,1.0,,
Xylocopa virginica,xylocopa virginica,51110,xylocopa virginica,exact,1.0,,
Zacosmia maculata maculata,zacosmia maculata,308635,zacosmia maculata,exact,1.0,,
